Course Names,Course Code,Profile,EX,A,B,C,D,P,F,EX%,A%,B%,C%,D%,P%,F%,session,Avg CGPA
ADVANCED BUILDING MATERIALS AND COMPOSITES,AR22001,Mechanical Engineering,5,10,15,3,3,1,0,13.51,27.03,40.54,8.11,8.11,2.7,0,Autumn18,8.22
ADVANCED CALCULUS,MA11003,Mechanical Engineering,0,0,0,1,0,0,0,0,0,0,100,0,0,0,Autumn19,7
ADVANCED COMPLEX ANALYSIS,MA51108,Mechanical Engineering,0,0,0,2,0,0,0,0,0,0,100,0,0,0,Spring21,7
ADVANCED COMPUTATIONAL FLUID DYNAMICS,AE40034,Mechanical Engineering,0,2,0,1,0,0,0,0,66.67,0,33.33,0,0,0,Spring21,8.33
ADVANCED GAS DYNAMICS,AE51017,Mechanical Engineering,1,2,0,0,1,0,0,25,50,0,0,25,0,0,Autumn20,8.5
ADVANCED GAS TURBINE THEORY,AE40030,Mechanical Engineering,0,3,1,0,0,0,0,0,75,25,0,0,0,0,Autumn20,8.75
ADVANCED INORGANIC CHEMISTRY LABORATORY,CY49001,Engineering Design Process,0,0,0,0,0,0,0,#DIV/0!,#DIV/0!,#DIV/0!,#DIV/0!,#DIV/0!,#DIV/0!,#DIV/0!,Autumn20,#DIV/0!
ADVANCED NUMERICAL TECHNIQUES,MA41005,Mechanical Engineering,0,0,1,0,0,0,0,0,0,100,0,0,0,0,Autumn19,8
ADVANCED QUANTITATIVE DECISION MAKING,MI40036,Mechanical Engineering,4,6,12,5,6,0,0,12.12,18.18,36.36,15.15,18.18,0,0,Spring21,7.91
ADVANCED STRUCTURAL ANALYSIS,CE41627,Mechanical Engineering,2,4,3,0,0,0,0,22.22,44.44,33.33,0,0,0,0,Autumn20,8.89
ADVANCED STRUCTURAL GEOLOGY,GG41007,Mechanical Engineering,0,2,9,11,2,0,0,0,8.33,37.5,45.83,8.33,0,0,Autumn20,7.46
ADVANCED STRUCTURAL GEOLOGY LAB.,GG49007,Physics and Engineering,0,15,1,6,1,0,0,0,65.22,4.35,26.09,4.35,0,0,Autumn20,8.3
ADVANCES IN PROTEIN STRUCTURE AND FUNCTION,BS41004,Mechanical Engineering,1,1,0,0,0,0,0,50,50,0,0,0,0,0,Spring20,9.5
AERODYNAMICS LAB I,AE29002,Physics and Engineering,9,18,13,1,1,0,0,21.43,42.86,30.95,2.38,2.38,0,0,Spring19,8.79
AERODYNAMICS LAB II,AE39001,Physics and Engineering,10,6,15,0,9,0,2,23.81,14.29,35.71,0,21.43,0,4.76,Autumn19,8
AEROELASTICITY,AE40008,Mechanical Engineering,10,10,1,2,1,0,0,41.67,41.67,4.17,8.33,4.17,0,0,Spring21,9.08
AEROSPACE STRUCTURAL ANALYSIS,AE31009,Mechanical Engineering,4,5,9,11,4,5,4,9.52,11.9,21.43,26.19,9.52,11.9,9.52,Autumn19,7.12
AEROSPACE STRUCTURAL DYNAMICS,AE31002,Mechanical Engineering,12,5,11,9,0,4,1,28.57,11.9,26.19,21.43,0,9.52,2.38,Spring20,8.1
AGRICULTURAL BIOTECHNOLOGY LAB.,AG29004,Physics and Engineering,0,8,28,17,3,0,0,0,14.29,50,30.36,5.36,0,0,Spring19,7.73
AGRICULTURAL MACHINERY,AG31001,Mechanical Engineering,5,19,17,11,2,0,0,9.26,35.19,31.48,20.37,3.7,0,0,Autumn19,8.26
AGRICULTURAL MACHINERY LAB.,AG39001,Physics and Engineering,8,24,17,3,1,0,0,15.09,45.28,32.08,5.66,1.89,0,0,Autumn19,8.66
AIR CONDITIONING,ME40107,Mechanical Engineering,5,6,15,4,7,1,0,13.16,15.79,39.47,10.53,18.42,2.63,0,Autumn20,7.87
AIRCRAFT DESIGN & OPTIMISATION,AE49003,Engineering Design Process,12,15,4,2,3,1,2,30.77,38.46,10.26,5.13,7.69,2.56,5.13,Autumn20,8.51
AIRCRAFT STABILITY AND CONTROL,AE31004,Mechanical Engineering,0,5,4,7,4,16,3,0,12.82,10.26,17.95,10.26,41.03,7.69,Spring20,6.21
ALGORITHMS   I,CS21003,Mechanical Engineering,6,21,25,25,13,13,0,5.83,20.39,24.27,24.27,12.62,12.62,0,Autumn18,7.45
ALGORITHMS  II,CS31005,Mechanical Engineering,12,18,29,31,10,2,0,11.76,17.65,28.43,30.39,9.8,1.96,0,Autumn19,7.85
ALGORITHMS LABORATORY,CS29003,Engineering Design Process,9,29,21,15,10,19,0,8.74,28.16,20.39,14.56,9.71,18.45,0,Autumn18,7.56
ANALOG  CIRCUITS LAB.,EC29008,Physics and Engineering,66,106,33,10,1,1,1,30.28,48.62,15.14,4.59,0.46,0.46,0.46,Spring19,9
ANALOG COMMUNICATION,EC31001,Mechanical Engineering,39,34,21,15,10,8,0,30.71,26.77,16.54,11.81,7.87,6.3,0,Autumn19,8.42
ANALOG COMMUNICATIONS LAB.,EC39001,Physics and Engineering,24,36,38,4,3,0,0,22.86,34.29,36.19,3.81,2.86,0,0,Autumn19,8.7
ANALOG ELECTRONIC CIRCUITS,EC21008,Mechanical Engineering,42,58,57,32,18,12,0,19.18,26.48,26.03,14.61,8.22,5.48,0,Spring19,8.17
ANALYTICAL & ENVIRONMENTAL CHEMISTRY,CY41016,Mechanical Engineering,0,2,5,9,2,1,0,0,10.53,26.32,47.37,10.53,5.26,0,Spring20,7.26
ANALYTICAL BIOCHEMISTRY LABORATORY,BT39001,Engineering Design Process,3,13,11,2,1,0,0,10,43.33,36.67,6.67,3.33,0,0,Autumn19,8.5
ANALYTICAL MECHANICS,MA51005,Mechanical Engineering,1,1,0,4,0,0,0,16.67,16.67,0,66.67,0,0,0,Autumn19,7.83
APPLIED ECONOMETRICS LABORATORY,HS59001,Engineering Design Process,6,17,14,8,0,0,0,13.33,37.78,31.11,17.78,0,0,0,Spring21,8.47
APPLIED ELASTICITY,ME40605,Mechanical Engineering,7,8,11,9,4,1,0,17.5,20,27.5,22.5,10,2.5,0,Autumn20,8.05
APPLIED ELASTICITY & PLASTICITY,AE51003,Mechanical Engineering,6,8,2,1,0,1,0,33.33,44.44,11.11,5.56,0,5.56,0,Autumn20,8.89
APPLIED MICROPALEONTOLOGY,GG50010,Mechanical Engineering,0,12,11,1,0,0,0,0,50,45.83,4.17,0,0,0,Spring21,8.46
APPLIED MICROPALEONTOLOGY LABORATORY,GG59010,Engineering Design Process,3,14,7,0,0,0,0,12.5,58.33,29.17,0,0,0,0,Spring21,8.83
APPLIED ORGANISATIONAL PSYCHOLOGY,HS30071,Mechanical Engineering,1,10,9,4,0,0,0,4.17,41.67,37.5,16.67,0,0,0,Autumn18,8.33
APPLIED ROCK ENGINEERING,MI40021,Environmental Engineering,8,9,10,14,13,6,0,13.33,15,16.67,23.33,21.67,10,0,Spring20,7.45
APPLIED THERMO FLUIDS I,ME41001,Mechanical Engineering,11,21,30,31,11,5,0,10.09,19.27,27.52,28.44,10.09,4.59,0,Spring20,7.77
APPLIED THERMO FLUIDS II,ME40701,Mechanical Engineering,0,6,47,30,2,2,0,0,6.9,54.02,34.48,2.3,2.3,0,Autumn20,7.61
ARCHITECTURAL DESIGN   V & FIELD STUDY,AR43201,Engineering Design Process,0,8,11,7,6,1,1,0,23.53,32.35,20.59,17.65,2.94,2.94,Autumn20,7.47
ARCHITECTURAL DESIGN I AND FIELD STUDY,AR23201,Engineering Design Process,1,8,13,8,5,2,0,2.7,21.62,35.14,21.62,13.51,5.41,0,Autumn18,7.62
ARCHITECTURAL DESIGN II AND FIELD STUDY,AR23202,Engineering Design Process,0,16,12,9,0,0,0,0,43.24,32.43,24.32,0,0,0,Spring19,8.19
ARCHITECTURAL DESIGN III & FIELD STUDY,AR33201,Engineering Design Process,2,5,9,6,7,8,0,5.41,13.51,24.32,16.22,18.92,21.62,0,Autumn19,7.05
ARCHITECTURAL DESIGN IV AND FIELD STUDY,AR33202,Engineering Design Process,3,29,5,0,0,0,0,8.11,78.38,13.51,0,0,0,0,Spring20,8.95
ARCHITECTURAL DETAILING,AR33203,Mechanical Engineering,7,17,6,5,0,2,0,18.92,45.95,16.22,13.51,0,5.41,0,Autumn19,8.54
ATOMIC AND MOLECULAR PHYSICS,PH52002,Mechanical Engineering,4,5,12,7,2,1,0,12.9,16.13,38.71,22.58,6.45,3.23,0,Spring21,7.97
AUTOMATIC CONTROL OF AIRCRAFT,AE40019,Mechanical Engineering,5,1,0,2,0,1,3,41.67,8.33,0,16.67,0,8.33,25,Autumn20,7.5
Aeroelasticity and Unsteady Aerodynamics in Turbomachinery,19IST02,Mechanical Engineering,0,1,0,0,0,0,0,0,100,0,0,0,0,0,Autumn19,9
BANKING THEORY AND PRACTICE,HS41004,Mechanical Engineering,3,27,15,4,1,0,0,6,54,30,8,2,0,0,Spring21,8.54
BARRIER FREE ENVIRONMENT,AR52006,Mechanical Engineering,1,13,0,0,0,0,0,7.14,92.86,0,0,0,0,0,Autumn20,9.07
BASIC DESIGN I,AR13201,Engineering Design Process,5,17,15,0,0,0,0,13.51,45.95,40.54,0,0,0,0,Autumn17,8.73
BASIC DESIGN II  AND MODELING,AR13202,Engineering Design Process,3,13,10,8,2,1,0,8.11,35.14,27.03,21.62,5.41,2.7,0,Spring18,8.11
BASIC ELECTRONICS,EC21101,Mechanical Engineering,17,31,50,39,41,18,0,8.67,15.82,25.51,19.9,20.92,9.18,0,Autumn18,7.44
BASIC ELECTRONICS LAB.,EC29001,Physics and Engineering,30,61,65,30,9,1,0,15.31,31.12,33.16,15.31,4.59,0.51,0,Autumn18,8.36
BASIC ENGINEERING MECHANICS,ME11003,Environmental Engineering,0,0,1,0,0,0,0,0,0,100,0,0,0,0,Autumn19,8
BASIN ANALYSIS,GG50011,Mechanical Engineering,2,11,6,0,0,0,0,10.53,57.89,31.58,0,0,0,0,Autumn20,8.79
BEHAVIOUR OF RC STRUCTURES,CE42006,Mechanical Engineering,0,0,0,1,0,0,0,0,0,0,100,0,0,0,Autumn20,7
BEHAVIOURAL FINANCE,HS50026,Mechanical Engineering,0,0,0,1,0,0,0,0,0,0,100,0,0,0,Spring21,7
BIOCHEM. REACTION ENGG. AND BIOENERGETICS,BT21105,Mechanical Engineering,0,3,8,5,8,11,0,0,8.57,22.86,14.29,22.86,31.43,0,Autumn18,6.54
BIOCHEMICAL ENGGINEERING LABORATORY,BT39003,Engineering Design Process,3,14,14,2,0,2,0,8.57,40,40,5.71,0,5.71,0,Autumn19,8.34
BIOCHEMICAL ENGINEERING,CH40001,Environmental Engineering,10,54,13,2,0,0,0,12.66,68.35,16.46,2.53,0,0,0,Autumn20,8.91
BIOCHEMISTRY,BT21101,Mechanical Engineering,2,1,7,5,7,13,0,5.71,2.86,20,14.29,20,37.14,0,Autumn18,6.49
BIOCHEMISTRY LABORATORY,BT29001,Engineering Design Process,7,16,9,3,0,0,0,20,45.71,25.71,8.57,0,0,0,Autumn18,8.77
BIOINFORMATICS,BT31006,Mechanical Engineering,0,6,11,9,5,4,0,0,17.14,31.43,25.71,14.29,11.43,0,Spring20,7.29
BIOINFORMATICS LABORATORY,BT39008,Engineering Design Process,12,6,10,6,0,1,0,34.29,17.14,28.57,17.14,0,2.86,0,Spring20,8.6
BIOPROCESS TECHNOLOGY,BT40009,Mechanical Engineering,2,18,9,4,0,0,0,6.06,54.55,27.27,12.12,0,0,0,Autumn20,8.55
BUILDING ACOUSTICS,AR40023,Mechanical Engineering,0,4,21,7,3,2,0,0,10.81,56.76,18.92,8.11,5.41,0,Autumn20,7.59
BUILDING CONSTRUCTION   I,AR23203,Mechanical Engineering,4,16,11,6,0,0,0,10.81,43.24,29.73,16.22,0,0,0,Autumn18,8.49
BUILDING CONSTRUCTION II,AR23204,Mechanical Engineering,3,19,11,2,1,1,0,8.11,51.35,29.73,5.41,2.7,2.7,0,Spring19,8.49
BUILDING MATERIALS,AR12002,Mechanical Engineering,2,10,17,7,0,1,0,5.41,27.03,45.95,18.92,0,2.7,0,Spring18,8.11
CAD AND SIMULATION OF AGRICULTURAL MACHINERY,AG40009,Mechanical Engineering,6,17,6,5,0,0,0,17.65,50,17.65,14.71,0,0,0,Autumn20,8.71
CAD CAM LAB.,NA39004,Physics and Engineering,2,16,18,3,1,3,0,4.65,37.21,41.86,6.98,2.33,6.98,0,Spring20,8.14
CAD CAM MARINE DESIGN & PRODUCTION,NA31004,Engineering Design Process,1,13,17,9,3,2,1,2.17,28.26,36.96,19.57,6.52,4.35,2.17,Spring20,7.78
CASTING & SOLIDIFICATION,MT41019,Mechanical Engineering,6,16,9,0,0,0,0,19.35,51.61,29.03,0,0,0,0,Autumn20,8.9
"CASTING, FORMING AND WELDING",ME31007,Mechanical Engineering,9,31,27,34,26,20,1,6.08,20.95,18.24,22.97,17.57,13.51,0.68,Autumn19,7.32
"CASTING, FORMING AND WELDING LAB.",ME39007,Physics and Engineering,7,54,53,27,5,1,1,4.73,36.49,35.81,18.24,3.38,0.68,0.68,Autumn19,8.16
CELL & MOLECULAR BIOLOGY,BT21002,Mechanical Engineering,1,7,3,8,11,5,0,2.86,20,8.57,22.86,31.43,14.29,0,Spring19,6.97
CELL & MOLECULAR BIOLOGY LABORATORY,BT29002,Engineering Design Process,10,12,9,3,1,0,0,28.57,34.29,25.71,8.57,2.86,0,0,Spring19,8.77
CHEMICAL ENGINEERING THERMODYNAMICS,CH21008,Environmental Engineering,4,20,26,15,13,3,0,4.94,24.69,32.1,18.52,16.05,3.7,0,Spring19,7.73
CHEMICAL PROCESS CALCULATIONS,CH21103,Mechanical Engineering,11,7,18,26,11,8,0,13.58,8.64,22.22,32.1,13.58,9.88,0,Autumn18,7.47
CHEMICAL PROCESS TECHNOLOGY,CH30014,Mechanical Engineering,16,23,24,12,6,0,0,19.75,28.4,29.63,14.81,7.41,0,0,Spring20,8.38
CHEMISTRY,CY11001,Mechanical Engineering,58,136,156,98,54,64,2,10.21,23.94,27.46,17.25,9.51,11.27,0.35,Autumn17,7.73
CHEMISTRY LAB.,CY19001,Physics and Engineering,122,346,90,8,2,0,0,21.48,60.92,15.85,1.41,0.35,0,0,Autumn17,9.02
CHEMISTRY LABORATORY,CY19003,Engineering Design Process,0,0,1,0,0,0,0,0,0,100,0,0,0,0,Spring20,8
CIVIL ENGG. DRAWING AND EST.,CE39008,Mechanical Engineering,28,31,5,3,0,0,1,41.18,45.59,7.35,4.41,0,0,1.47,Spring20,9.18
CLASSICAL MECHANICS I,PH20007,Mechanical Engineering,1,8,10,10,3,0,1,3.03,24.24,30.3,30.3,9.09,0,3.03,Autumn18,7.7
CLASSICAL MECHANICS II,PH31007,Mechanical Engineering,1,2,0,7,2,19,0,3.23,6.45,0,22.58,6.45,61.29,0,Autumn19,5.94
CLIMATOLOGY & SOLAR ARCHITECTURE,AR22003,Mechanical Engineering,6,9,8,9,0,5,0,16.22,24.32,21.62,24.32,0,13.51,0,Autumn18,7.92
COMBUSTION PROCESSES IN JET ENGINES,AE51007,Mechanical Engineering,3,3,4,1,0,0,0,27.27,27.27,36.36,9.09,0,0,0,Spring21,8.73
COMMODITY DERIVATIVES AND PRICE RISK MODELLING,BM50010,Mechanical Engineering,1,0,0,0,0,0,0,100,0,0,0,0,0,0,Autumn20,10
COMPARATIVE DEVELOPMENT PERSPECTIVE,HS30002,Mechanical Engineering,15,10,14,12,2,0,0,28.3,18.87,26.42,22.64,3.77,0,0,Spring20,8.45
COMPILERS,CS31003,Mechanical Engineering,18,26,22,20,7,9,0,17.65,25.49,21.57,19.61,6.86,8.82,0,Autumn19,8.01
COMPILERS LABORATORY,CS39003,Engineering Design Process,31,40,14,12,4,1,0,30.39,39.22,13.73,11.76,3.92,0.98,0,Autumn19,8.77
COMPLEX ANALYSIS,MA41006,Mechanical Engineering,0,0,0,2,0,2,0,0,0,0,50,0,50,0,Spring19,6
COMPOSITE MATERIALS,MT41023,Mechanical Engineering,8,12,8,2,3,0,1,23.53,35.29,23.53,5.88,8.82,0,2.94,Autumn20,8.47
COMPOSITE STRUCTURES,AE40006,Mechanical Engineering,0,0,0,0,0,0,1,0,0,0,0,0,0,100,Autumn20,4
COMPREHENSIVE VIVA,MA38002,Mechanical Engineering,5,20,10,9,8,1,0,9.43,37.74,18.87,16.98,15.09,1.89,0,Spring20,8.04
COMPREHENSIVE VIVA VOCE,AG48002,Mechanical Engineering,0,3,10,6,2,0,0,0,14.29,47.62,28.57,9.52,0,0,Spring21,7.67
COMPREHENSIVE VIVA VOCE   I,PH38002,Mechanical Engineering,6,8,11,4,1,1,0,19.35,25.81,35.48,12.9,3.23,3.23,0,Spring20,8.35
COMPUTATIONAL FLUID DYNAMICS,AE40031,Mechanical Engineering,1,4,2,3,6,6,0,4.55,18.18,9.09,13.64,27.27,27.27,0,Autumn20,6.77
COMPUTATIONAL MARINE HYDRODYNAMICS,NA40020,Mechanical Engineering,4,3,2,7,4,0,0,20,15,10,35,20,0,0,Spring20,7.8
COMPUTATIONAL METHODS,PH41012,Mechanical Engineering,4,10,8,6,2,1,1,12.5,31.25,25,18.75,6.25,3.13,3.13,Spring20,8.03
COMPUTATIONAL PHYSICS LAB.,PH49012,Physics and Engineering,3,4,8,8,8,0,1,9.38,12.5,25,25,25,0,3.13,Spring20,7.44
COMPUTATIONAL STATISTICS,MA51109,Mechanical Engineering,12,31,4,0,0,0,0,25.53,65.96,8.51,0,0,0,0,Autumn20,9.17
COMPUTER AIDED DESIGN AND SIMULATION,AR23206,Engineering Design Process,2,5,4,4,13,9,0,5.41,13.51,10.81,10.81,35.14,24.32,0,Spring19,6.7
COMPUTER AIDED OCEAN STRUCTURE ANALYSIS,NA40022,Mechanical Engineering,1,1,3,8,6,3,0,4.55,4.55,13.64,36.36,27.27,13.64,0,Autumn20,6.82
COMPUTER AIDED PROCESS ENGINEERING,CH30016,Environmental Engineering,29,21,14,15,2,0,0,35.8,25.93,17.28,18.52,2.47,0,0,Spring20,8.74
COMPUTER AIDED PROCESS ENGINEERING LAB.,CH49019,Environmental Engineering,55,13,8,1,1,1,0,69.62,16.46,10.13,1.27,1.27,1.27,0,Autumn20,9.48
COMPUTER APPLICATION IN AERO. ENGINEERING,AE31006,Environmental Engineering,8,11,11,7,0,2,2,19.51,26.83,26.83,17.07,0,4.88,4.88,Spring20,8.15
COMPUTER APPLICATIONS IN METALLURGICAL PROCESSES,MT41009,Mechanical Engineering,15,11,12,7,5,4,0,27.78,20.37,22.22,12.96,9.26,7.41,0,Spring20,8.22
COMPUTER APPLICATIONS IN METALLURGICAL PROCESSES LABORATORY,MT49009,Engineering Design Process,31,14,2,4,2,1,0,57.41,25.93,3.7,7.41,3.7,1.85,0,Spring20,9.2
COMPUTER ARCHITECTURE AND OPERATING SYSTEM,CS31702,Mechanical Engineering,0,0,1,1,0,0,0,0,0,50,50,0,0,0,Spring19,7.5
COMPUTER INTEGRATED MANUFACTURING,MF40603,Mechanical Engineering,12,37,5,2,0,0,0,21.43,66.07,8.93,3.57,0,0,0,Autumn20,9.05
COMPUTER METHODS IN CHEM. ENGG.,CH42006,Mechanical Engineering,11,10,4,2,2,0,0,37.93,34.48,13.79,6.9,6.9,0,0,Spring20,8.9
COMPUTER NETWORKS,CS31006,Mechanical Engineering,0,0,0,2,1,1,0,0,0,0,50,25,25,0,Spring19,6.25
COMPUTER ORGANISATION & ARCHITECTURE,MA31009,Mechanical Engineering,1,8,27,15,4,1,0,1.79,14.29,48.21,26.79,7.14,1.79,0,Autumn19,7.71
COMPUTER ORGANIZATION & ARCHITECTURE,CS31007,Mechanical Engineering,19,38,16,24,4,1,0,18.63,37.25,15.69,23.53,3.92,0.98,0,Autumn19,8.4
COMPUTER ORGANIZATION LABORATORY,CS39001,Engineering Design Process,32,46,13,9,2,0,0,31.37,45.1,12.75,8.82,1.96,0,0,Autumn19,8.95
CONCRETE LABORATORY,CE39007,Engineering Design Process,11,40,37,8,5,2,0,10.68,38.83,35.92,7.77,4.85,1.94,0,Autumn19,8.37
CONDENSED MATTER PHYSICS I,PH41014,Physics and Engineering,4,6,12,7,1,2,0,12.5,18.75,37.5,21.88,3.13,6.25,0,Spring20,7.97
CONDENSED MATTER PHYSICS II,PH41017,Physics and Engineering,1,4,6,13,2,2,0,3.57,14.29,21.43,46.43,7.14,7.14,0,Autumn20,7.39
CONDENSED MATTER PHYSICS LAB I,PH49001,Physics and Engineering,0,0,0,0,0,0,0,#DIV/0!,#DIV/0!,#DIV/0!,#DIV/0!,#DIV/0!,#DIV/0!,#DIV/0!,Autumn20,#DIV/0!
CONSTRUCTION PLANNING AND MANAGEMENT,CE31216,Mechanical Engineering,1,7,20,21,9,3,0,1.64,11.48,32.79,34.43,14.75,4.92,0,Autumn19,7.36
CONTEMPORARY DRAMA AND THEATRE,HS30041,Mechanical Engineering,0,0,1,0,0,0,0,0,0,100,0,0,0,0,Autumn19,8
CONTROL AND ELECTRONIC SYSTEM DESIGN,EE49001,Engineering Design Process,9,20,37,8,4,0,1,11.39,25.32,46.84,10.13,5.06,0,1.27,Autumn20,8.23
CONTROL AND INSTRUMENTATION LAB.,EE39009,Physics and Engineering,8,33,43,19,7,0,0,7.27,30,39.09,17.27,6.36,0,0,Autumn19,8.15
CONTROL SYSTEM ENGINEERING,EE31009,Environmental Engineering,15,39,74,50,23,15,2,6.88,17.89,33.94,22.94,10.55,6.88,0.92,Autumn19,7.63
CORROSION & ENVIRONMENTAL DEGRADATION OF MATERIALS,MT41013,Mechanical Engineering,15,22,14,2,0,0,0,28.3,41.51,26.42,3.77,0,0,0,Autumn20,8.94
"CREEP, FATIGUE AND FRACTURE",MT31007,Mechanical Engineering,15,11,15,7,2,4,0,27.78,20.37,27.78,12.96,3.7,7.41,0,Autumn19,8.33
CROP PRODUCTION TECHNOLOGY,AG20101,Mechanical Engineering,7,15,10,5,9,9,1,12.5,26.79,17.86,8.93,16.07,16.07,1.79,Autumn18,7.55
CROP PRODUCTION TECHNOLOGY LAB.,AG29001,Physics and Engineering,15,24,13,3,1,0,0,26.79,42.86,23.21,5.36,1.79,0,0,Autumn18,8.88
CRYOGENIC ASPECTS OF HYDROGEN ENERGY,CR30008,Mechanical Engineering,0,1,0,0,0,0,0,0,100,0,0,0,0,0,Spring19,9
DATA ANALYTICS,CS40003,Mechanical Engineering,2,0,0,0,0,0,0,100,0,0,0,0,0,0,Autumn18,10
DATA COMMUNICATION,IE30006,Mechanical Engineering,7,7,12,11,5,1,0,16.28,16.28,27.91,25.58,11.63,2.33,0,Spring20,7.93
DATABASE MANAGEMENT SYSTEMS,CS43002,Mechanical Engineering,6,24,15,15,4,4,0,8.82,35.29,22.06,22.06,5.88,5.88,0,Spring20,8.01
DEFORMATION BEHAVIOUR OF MATERIALS,MT21008,Mechanical Engineering,15,10,10,11,4,5,0,27.27,18.18,18.18,20,7.27,9.09,0,Spring19,8.11
DERIVATIVES AND RISK MANAGEMENT,BM40012,Mechanical Engineering,0,0,3,2,1,0,0,0,0,50,33.33,16.67,0,0,Spring20,7.33
DESCRIPTIVE GEOMETRY I,AR13203,Mechanical Engineering,0,2,15,14,4,2,0,0,5.41,40.54,37.84,10.81,5.41,0,Autumn17,7.3
DESCRIPTIVE GEOMETRY II,AR13204,Mechanical Engineering,2,13,9,11,2,0,0,5.41,35.14,24.32,29.73,5.41,0,0,Spring18,8.05
DESIGN & ANALYSIS OF ALGORITHMS,MA21007,Engineering Design Process,21,28,9,19,23,7,1,19.44,25.93,8.33,17.59,21.3,6.48,0.93,Autumn18,7.81
DESIGN & ANALYSIS OF ALGORITHMS LAB.,MA29005,Physics and Engineering,28,18,6,4,0,0,0,50,32.14,10.71,7.14,0,0,0,Autumn18,9.25
DESIGN & SELECTION OF MATERIALS,MT41027,Engineering Design Process,4,21,17,2,0,0,0,9.09,47.73,38.64,4.55,0,0,0,Autumn20,8.61
DESIGN AND DYNAMICS  LABORATORY,ME49605,Engineering Design Process,0,0,0,0,0,0,0,#DIV/0!,#DIV/0!,#DIV/0!,#DIV/0!,#DIV/0!,#DIV/0!,#DIV/0!,Autumn20,#DIV/0!
DESIGN FOR ASSEMBLY AND AUTOMATION,IM31014,Engineering Design Process,0,0,5,7,1,2,0,0,0,33.33,46.67,6.67,13.33,0,Spring21,7
DESIGN FOR MANUFACTURABILITY,IM31011,Engineering Design Process,1,0,1,3,0,0,0,20,0,20,60,0,0,0,Autumn19,7.8
DESIGN OF HYDRAULIC STRUCTURES,CE31111,Engineering Design Process,2,10,6,2,10,8,0,5.26,26.32,15.79,5.26,26.32,21.05,0,Spring20,7.16
DESIGN OF MACHINE ELEMENTS,ME30602,Engineering Design Process,45,26,28,20,14,13,0,30.82,17.81,19.18,13.7,9.59,8.9,0,Spring20,8.2
DESIGN OF RC STRUCTURE,CE31001,Engineering Design Process,0,2,17,29,35,21,0,0,1.92,16.35,27.88,33.65,20.19,0,Autumn19,6.46
DESIGN OF STEEL STRUCTURES,CE31004,Engineering Design Process,8,12,10,17,38,18,2,7.62,11.43,9.52,16.19,36.19,17.14,1.9,Spring20,6.79
DESIGN OPTIMISATION,ME41613,Engineering Design Process,0,7,14,14,5,2,0,0,16.67,33.33,33.33,11.9,4.76,0,Autumn20,7.45
DESIGN SESSIONAL,CE39004,Engineering Design Process,4,18,42,2,0,0,1,5.97,26.87,62.69,2.99,0,0,1.49,Spring20,8.3
DETERMINATIVE MINERALOGY LABORATORY,GG29002,Engineering Design Process,7,32,16,0,0,0,0,12.73,58.18,29.09,0,0,0,0,Spring19,8.84
DEVELOPMENT ECONOMICS,HS20009,Finance,2,13,20,9,4,1,0,4.08,26.53,40.82,18.37,8.16,2.04,0,Spring19,7.94
DEVELOPMENT OF CONTEMPORARY ARCHITECTURE,AR32001,Mechanical Engineering,4,3,7,10,8,4,0,11.11,8.33,19.44,27.78,22.22,11.11,0,Autumn19,7.25
DEVELOPMENT OF MINERAL DEPOSITS,MI20101,Mechanical Engineering,6,12,19,14,3,6,0,10,20,31.67,23.33,5,10,0,Autumn18,7.77
DEVICES LABORATORY,EC29004,Engineering Design Process,14,64,21,7,2,0,0,12.96,59.26,19.44,6.48,1.85,0,0,Spring19,8.75
DIGITAL COMMUNICATION,EC31002,Mechanical Engineering,36,20,37,9,5,4,0,32.43,18.02,33.33,8.11,4.5,3.6,0,Spring20,8.55
DIGITAL COMMUNICATION LABORATORY,EC39002,Engineering Design Process,35,52,14,4,0,0,0,33.33,49.52,13.33,3.81,0,0,0,Spring20,9.12
DIGITAL ELECTRONIC CIRCUITS,EC31003,Mechanical Engineering,21,34,49,42,49,19,3,9.68,15.67,22.58,19.35,22.58,8.76,1.38,Autumn19,7.39
DIGITAL ELECTRONIC CIRCUITS LAB.,EC39003,Physics and Engineering,66,67,49,18,15,1,2,30.28,30.73,22.48,8.26,6.88,0.46,0.92,Autumn19,8.64
DIGITAL SIGNAL PROCESSING,EE41013,Mechanical Engineering,0,0,0,3,1,0,0,0,0,0,75,25,0,0,Autumn19,6.75
DISCRETE MATHEMATICS,MA20013,Mechanical Engineering,6,8,15,16,11,12,0,8.82,11.76,22.06,23.53,16.18,17.65,0,Spring19,7.21
DISCRETE STRUCTURES,CS21001,Mechanical Engineering,24,38,19,15,4,3,1,23.08,36.54,18.27,14.42,3.85,2.88,0.96,Autumn18,8.48
DIY PROJECT,DY17003,Mechanical Engineering,0,1,0,0,0,0,0,0,100,0,0,0,0,0,Autumn19,9
DOWNSTREAM PROCESSING,BT41012,Mechanical Engineering,6,11,3,2,0,0,0,27.27,50,13.64,9.09,0,0,0,Spring21,8.95
DSP LABORATORY,EC39006,Engineering Design Process,35,36,21,11,3,1,1,32.41,33.33,19.44,10.19,2.78,0.93,0.93,Spring20,8.76
DYNAMICS,ME20001,Mechanical Engineering,8,12,23,49,28,29,1,5.33,8,15.33,32.67,18.67,19.33,0.67,Autumn18,6.88
DYNAMICS FOR AEROSPACE ENGINEERS,AE21003,Mechanical Engineering,1,6,6,7,12,10,0,2.38,14.29,14.29,16.67,28.57,23.81,0,Autumn18,6.74
DYNAMICS OF MACHINES,ME22004,Mechanical Engineering,26,24,18,8,20,15,0,23.42,21.62,16.22,7.21,18.02,13.51,0,Spring20,7.85
EARTH AND PLANETARY SYSTEMS,EX41005,Mechanical Engineering,0,1,0,0,0,0,0,0,100,0,0,0,0,0,Autumn20,9
ECONOMETRIC ANALYSIS I,HS41002,Mechanical Engineering,7,14,15,7,7,0,0,14,28,30,14,14,0,0,Spring20,8.14
ECONOMETRIC ANALYSIS I LAB.,HS49002,Physics and Engineering,18,17,14,1,0,0,0,36,34,28,2,0,0,0,Spring20,9.04
ECONOMETRIC ANALYSIS II,HS40007,Mechanical Engineering,14,17,12,4,0,0,0,29.79,36.17,25.53,8.51,0,0,0,Autumn20,8.87
ECONOMETRIC ANALYSIS II LABORATORY,HS49009,Engineering Design Process,14,25,6,1,0,0,0,30.43,54.35,13.04,2.17,0,0,0,Autumn20,9.13
ECONOMIC MODELLING,HS50019,Mechanical Engineering,4,7,23,13,0,0,0,8.51,14.89,48.94,27.66,0,0,0,Spring21,8.04
ECONOMIC PSYCHOLOGY,HS30084,Mechanical Engineering,1,0,2,0,0,0,0,33.33,0,66.67,0,0,0,0,Autumn19,8.67
ECONOMICS,HS20001,Finance,21,59,126,60,44,40,0,6,16.86,36,17.14,12.57,11.43,0,Autumn18,7.52
ECONOMICS OF GROWTH,HS30087,Finance,2,7,8,13,7,10,0,4.26,14.89,17.02,27.66,14.89,21.28,0,Autumn19,7.02
ECONOMICS OF HEALTH,HS30103,Finance,1,2,4,1,0,0,0,12.5,25,50,12.5,0,0,0,Autumn18,8.38
ECONOMICS OF MINING ENTERPRISES,MI31004,Finance,9,12,15,10,13,1,0,15,20,25,16.67,21.67,1.67,0,Spring20,7.85
ECONOMICS OF SUSTIANABLE DEVELOPMENT,HS20014,Finance,7,3,6,2,2,0,0,35,15,30,10,10,0,0,Spring20,8.55
ELECTRIC DRIVES,EE40002,Mechanical Engineering,8,10,22,16,13,8,0,10.39,12.99,28.57,20.78,16.88,10.39,0,Spring21,7.48
ELECTRICAL MACHINES,EE21002,Mechanical Engineering,3,12,16,12,24,14,0,3.7,14.81,19.75,14.81,29.63,17.28,0,Spring19,6.96
ELECTRICAL MACHINES LAB.,EE29002,Physics and Engineering,13,27,35,0,0,5,0,16.25,33.75,43.75,0,0,6.25,0,Spring19,8.48
ELECTRICAL METHODS LAB.,EX49001,Physics and Engineering,3,10,8,4,0,2,1,10.71,35.71,28.57,14.29,0,7.14,3.57,Autumn20,8.07
ELECTRICAL METHODS OF  PROSPECTING,EX41001,Mechanical Engineering,1,1,5,8,9,3,1,3.57,3.57,17.86,28.57,32.14,10.71,3.57,Autumn20,6.71
ELECTRICAL TECHNOLOGY,EE11001,Mechanical Engineering,31,89,107,110,105,124,2,5.46,15.67,18.84,19.37,18.49,21.83,0.35,Autumn17,7.03
ELECTRICAL TECHNOLOGY LAB.,EE19001,Physics and Engineering,38,216,226,69,16,3,0,6.69,38.03,39.79,12.15,2.82,0.53,0,Autumn17,8.32
ELECTRODYNAMICS I,PH21001,Mechanical Engineering,1,4,4,8,10,4,1,3.13,12.5,12.5,25,31.25,12.5,3.13,Autumn18,6.81
ELECTRODYNAMICS II,PH31003,Mechanical Engineering,5,1,3,6,9,7,0,16.13,3.23,9.68,19.35,29.03,22.58,0,Autumn19,6.9
ELECTROMAGNETIC ENGINEERING,EC21006,Environmental Engineering,23,16,27,31,6,5,0,21.3,14.81,25,28.7,5.56,4.63,0,Spring19,8.04
ELECTROMAGNETIC METHODS LABORATORY,EX49002,Engineering Design Process,0,0,0,0,0,0,1,0,0,0,0,0,0,100,Spring20,4
ELECTROMAGNETIC METHODS OF  PROSPECTING,EX41002,Mechanical Engineering,2,1,6,6,7,5,0,7.41,3.7,22.22,22.22,25.93,18.52,0,Spring21,6.89
ELECTROMAGNETIC THEORY & APPL,EE30012,Mechanical Engineering,2,6,6,8,7,6,0,5.71,17.14,17.14,22.86,20,17.14,0,Spring20,7.14
ELECTROMAGNETISM & OPTICS LAB   I,PH29008,Physics and Engineering,21,9,2,0,0,0,0,65.63,28.13,6.25,0,0,0,0,Spring19,9.59
ELECTROMAGNETISM & OPTICS LAB   II,PH39005,Physics and Engineering,3,18,7,2,0,0,0,10,60,23.33,6.67,0,0,0,Autumn19,8.73
ELECTROMAGNETISM & OPTICS LAB   III,PH39008,Physics and Engineering,10,18,2,0,1,0,0,32.26,58.06,6.45,0,3.23,0,0,Spring20,9.16
ELECTRONICS FOR PHYSICISTS,PH31009,Mechanical Engineering,1,5,5,7,9,5,0,3.13,15.63,15.63,21.88,28.13,15.63,0,Autumn19,6.97
ELECTRONICS LAB.,PH39003,Physics and Engineering,6,20,2,2,0,0,0,20,66.67,6.67,6.67,0,0,0,Autumn19,9
ELEMENTS OF OCEAN ENGINEERING,NA31001,Environmental Engineering,6,8,11,6,6,8,0,13.33,17.78,24.44,13.33,13.33,17.78,0,Autumn19,7.51
ELEMENTS OF PETROLEUM ENGINEERING,MI40039,Environmental Engineering,1,2,1,0,0,0,0,25,50,25,0,0,0,0,Autumn20,9
ELEMENTS OF ROCK MECHANICS,MI21007,Mechanical Engineering,2,13,13,19,8,5,0,3.33,21.67,21.67,31.67,13.33,8.33,0,Autumn18,7.45
EMBEDDED SYSTEMS,EE30004,Mechanical Engineering,3,28,36,35,4,3,1,2.73,25.45,32.73,31.82,3.64,2.73,0.91,Spring20,7.8
EMBEDDED SYSTEMS LAB.,EE39004,Physics and Engineering,20,51,33,4,1,0,1,18.18,46.36,30,3.64,0.91,0,0.91,Spring20,8.74
ENERGETICS OF GEOLOGIC SYSTEMS,GG52012,Mechanical Engineering,0,1,3,0,0,0,0,0,25,75,0,0,0,0,Spring21,8.25
ENERGY CONVERSION PROCESSES,EG30002,Mechanical Engineering,0,0,0,1,0,0,0,0,0,0,100,0,0,0,Spring19,7
ENERGY ECONOMICS,HS50012,Finance,0,1,0,0,0,0,0,0,100,0,0,0,0,0,Spring20,9
ENERGY EFFICIENT DESIGN,AR32008,Engineering Design Process,9,10,6,6,3,3,0,24.32,27.03,16.22,16.22,8.11,8.11,0,Spring19,8.19
ENGINEERING & ECONOMIC GEOLOGY,GG21109,Environmental Engineering,6,21,11,12,8,2,0,10,35,18.33,20,13.33,3.33,0,Autumn18,7.98
ENGINEERING DRAWING AND COMPUTER GRAPHICS,CE13001,Environmental Engineering,73,111,199,142,72,14,2,11.91,18.11,32.46,23.16,11.75,2.28,0.33,Autumn17,7.87
"ENGINEERING ECONOMY, COSTING AND ACCOUNTING",IM21001,Environmental Engineering,5,21,16,7,3,1,0,9.43,39.62,30.19,13.21,5.66,1.89,0,Autumn19,8.28
ENGINEERING GEOLOGY,GG31007,Environmental Engineering,3,5,9,5,1,1,0,12.5,20.83,37.5,20.83,4.17,4.17,0,Autumn19,8.04
ENGINEERING GEOLOGY LABORATORY,GG39007,Environmental Engineering,3,3,11,2,5,0,0,12.5,12.5,45.83,8.33,20.83,0,0,Autumn19,7.88
ENGINEERING LABORATORY,EN19003,Environmental Engineering,0,0,1,0,0,0,0,0,0,100,0,0,0,0,Autumn19,8
ENGLISH FOR COMMUNICATION,HS13001,Mechanical Engineering,38,125,160,233,47,1,1,6.28,20.66,26.45,38.51,7.77,0.17,0.17,Autumn17,7.78
ENVIRONMENTAL BIOTECHNOLOGY,BT31011,Mechanical Engineering,4,6,14,8,3,0,0,11.43,17.14,40,22.86,8.57,0,0,Autumn19,8
ENVIRONMENTAL ECONOMICS,HS31072,Finance,8,26,16,1,0,0,0,15.69,50.98,31.37,1.96,0,0,0,Autumn20,8.8
ENVIRONMENTAL ENGG. LAB.,MI49003,Physics and Engineering,0,0,0,0,0,0,0,#DIV/0!,#DIV/0!,#DIV/0!,#DIV/0!,#DIV/0!,#DIV/0!,#DIV/0!,Autumn20,#DIV/0!
ENVIRONMENTAL ENGINEERING,MI40001,Environmental Engineering,6,29,9,7,3,2,0,10.71,51.79,16.07,12.5,5.36,3.57,0,Autumn20,8.39
ENVIRONMENTAL HAZARDS AND MITIGATION,GG40006,Mechanical Engineering,8,36,0,2,1,0,0,17.02,76.6,0,4.26,2.13,0,0,Spring21,9.02
ENVIRONMENTAL HUMANITIES,HS20016,Mechanical Engineering,1,7,6,2,1,1,0,5.56,38.89,33.33,11.11,5.56,5.56,0,Autumn18,8.11
ENVIRONMENTAL IMPACT ASSESSMENT AND AUDITING,CE31306,Mechanical Engineering,0,0,0,1,0,0,0,0,0,0,100,0,0,0,Autumn19,7
ENVIRONMENTAL SCIENCE,EV20001,Mechanical Engineering,22,101,138,113,77,52,1,4.37,20.04,27.38,22.42,15.28,10.32,0.2,Autumn18,7.44
ENVIRONMENTAL SOCIOLOGY,HS30073,Mechanical Engineering,1,12,22,8,2,0,0,2.22,26.67,48.89,17.78,4.44,0,0,Autumn19,8.04
ENVIRONMENTAL STUDIES,AR22007,Mechanical Engineering,0,2,5,13,12,5,0,0,5.41,13.51,35.14,32.43,13.51,0,Autumn18,6.65
ENZYME TECHNOLOGY LABORATORY,BT49001,Engineering Design Process,0,0,0,0,0,0,0,#DIV/0!,#DIV/0!,#DIV/0!,#DIV/0!,#DIV/0!,#DIV/0!,#DIV/0!,Autumn20,#DIV/0!
EQUITY RESEARCH,HS50017,Mechanical Engineering,0,0,1,0,0,0,0,0,0,100,0,0,0,0,Spring20,8
ERGONOMICS AND  PRODUCT DESIGN,AR22008,Engineering Design Process,2,2,2,2,0,0,0,25,25,25,25,0,0,0,Spring21,8.5
ESTIMATION AND COSTING,AR32002,Mechanical Engineering,2,9,8,8,9,1,0,5.41,24.32,21.62,21.62,24.32,2.7,0,Spring20,7.57
EXPERIMENTAL STRESS ANALYSIS,AE51010,Mechanical Engineering,2,3,3,1,0,0,0,22.22,33.33,33.33,11.11,0,0,0,Autumn20,8.67
EXTRA ACADEMIC ACTIVITY I,EA10001,Mechanical Engineering,1,10,11,4,4,6,2,2.63,26.32,28.95,10.53,10.53,15.79,5.26,Autumn17,7.32
EXTRA ACADEMIC ACTIVITY II,EA10002,Mechanical Engineering,3,13,12,11,8,11,2,5,21.67,20,18.33,13.33,18.33,3.33,Spring18,7.18
EXTRA ACADEMIC ACTIVITY III,EA10003,Mechanical Engineering,84,302,264,219,183,116,1,7.19,25.83,22.58,18.73,15.65,9.92,0.09,Autumn18,7.6
EXTRA ACADEMIC ACTIVITY IV,EA10004,Mechanical Engineering,117,262,294,186,173,134,3,10.01,22.41,25.15,15.91,14.8,11.46,0.26,Spring19,7.62
EXTRACTIVE METALLURGY OF NON FERROUS METALS,MT41031,Mechanical Engineering,3,1,2,1,0,1,0,37.5,12.5,25,12.5,0,12.5,0,Autumn20,8.38
FIELD TRIPS,MI38002,Mechanical Engineering,4,24,27,2,0,0,0,7.02,42.11,47.37,3.51,0,0,0,Spring20,8.53
FIELD WORK,EX28002,Mechanical Engineering,10,19,0,0,0,0,0,34.48,65.52,0,0,0,0,0,Spring19,9.34
FIELD WORK (3 WEEKS),GG28002,Mechanical Engineering,1,16,9,0,0,0,0,3.85,61.54,34.62,0,0,0,0,Spring19,8.69
FIELD WORK (6 WEEKS),GG58006,Mechanical Engineering,0,24,0,0,0,0,0,0,100,0,0,0,0,0,Spring21,9
FILE ORGANIZATION AND DATABASE SYSTEMS,MA40004,Mechanical Engineering,1,2,1,2,2,0,0,12.5,25,12.5,25,25,0,0,Spring20,7.75
FINANCIAL ANALYTICS,BM49002,Mechanical Engineering,1,0,0,0,1,0,0,50,0,0,0,50,0,0,Spring20,8
FINANCIAL INSTITUTIONS & MARKETS,HS30097,Mechanical Engineering,0,0,0,1,0,0,0,0,0,0,100,0,0,0,Autumn18,7
FINANCIAL RISK MODELING,BM40006,Mechanical Engineering,3,5,9,9,1,0,0,11.11,18.52,33.33,33.33,3.7,0,0,Spring21,8
FINITE ELEMENT METHODS,AE40033,Mechanical Engineering,2,2,1,2,0,1,0,25,25,12.5,25,0,12.5,0,Autumn20,8.13
FLUID FLOW LABORATORY AND DESIGN,CH29006,Engineering Design Process,11,56,14,0,0,0,0,13.58,69.14,17.28,0,0,0,0,Spring19,8.96
FLUID MECHANICS,CH20001,Mechanical Engineering,6,14,25,17,16,3,0,7.41,17.28,30.86,20.99,19.75,3.7,0,Autumn18,7.6
FLUID MECHANICS AND ELASTICITY,PH20101,Mechanical Engineering,4,3,6,11,4,4,0,12.5,9.38,18.75,34.38,12.5,12.5,0,Spring19,7.38
FOOD ENGINEERING LAB.,AG39005,Environmental Engineering,5,23,18,6,0,1,0,9.43,43.4,33.96,11.32,0,1.89,0,Autumn19,8.45
FOOD RHEOLOGY,AG40032,Mechanical Engineering,2,0,0,0,0,0,0,100,0,0,0,0,0,0,Spring21,10
FOOD SCIENCE & TECHNOLOGY,AG31006,Mechanical Engineering,2,5,18,18,11,2,0,3.57,8.93,32.14,32.14,19.64,3.57,0,Spring20,7.34
FOOD SCIENCE & TECHNOLOGY LABORATORY,AG39006,Engineering Design Process,0,12,39,2,1,2,0,0,21.43,69.64,3.57,1.79,3.57,0,Spring20,8.04
FOOD SECURITY AND POVERTY STUDIES,HS40083,Mechanical Engineering,1,5,7,1,1,0,0,6.67,33.33,46.67,6.67,6.67,0,0,Autumn20,8.27
FORMAL LANGUAGE AND AUTOMATA THEORY,CS21004,Mechanical Engineering,11,23,39,22,5,2,0,10.78,22.55,38.24,21.57,4.9,1.96,0,Spring19,8.07
FOUNDATION ENGINEERING,CE31002,Environmental Engineering,4,17,20,16,4,6,2,5.8,24.64,28.99,23.19,5.8,8.7,2.9,Spring20,7.64
FRENCH,HS30047,Mechanical Engineering,9,11,9,2,1,1,0,27.27,33.33,27.27,6.06,3.03,3.03,0,Spring19,8.67
FUEL LABORATORY,CH29008,Engineering Design Process,41,35,5,0,0,0,0,50.62,43.21,6.17,0,0,0,0,Spring19,9.44
FUEL TECHNOLOGY,CH42014,Mechanical Engineering,0,0,0,0,0,1,0,0,0,0,0,0,100,0,Autumn18,5
FUNCTIONAL ANALYSIS,MA41007,Mechanical Engineering,0,16,11,11,7,3,0,0,33.33,22.92,22.92,14.58,6.25,0,Autumn20,7.63
FUNDAMENTALS OF EMBEDDED CONTROL AND SOFTWARE,AT30001,Mechanical Engineering,0,1,0,0,0,0,0,0,100,0,0,0,0,0,Autumn19,9
FUNDAMENTALS OF RURAL INNOVATION AND MANAGEMENT,RD30005,Mechanical Engineering,0,1,2,0,0,0,0,0,33.33,66.67,0,0,0,0,Autumn19,8.33
GENERAL PROPERTIES & THERMAL PHYSICS LAB,PH29001,Physics and Engineering,4,17,8,2,1,0,0,12.5,53.13,25,6.25,3.13,0,0,Autumn18,8.66
GENERAL PSYCHOLOGY,HS20002,Mechanical Engineering,3,1,9,17,5,1,0,8.33,2.78,25,47.22,13.89,2.78,0,Autumn18,7.36
GENETIC ALGORITHMS IN ENGINEERING PROCESS MODELING,MT21104,Environmental Engineering,3,3,2,3,3,4,0,16.67,16.67,11.11,16.67,16.67,22.22,0,Spring19,7.33
GENETICS,BT31009,Mechanical Engineering,0,1,13,10,6,8,0,0,2.63,34.21,26.32,15.79,21.05,0,Autumn19,6.82
GEOCHEMISTRY,GG41001,Mechanical Engineering,0,3,5,10,5,1,0,0,12.5,20.83,41.67,20.83,4.17,0,Autumn19,7.17
GEOCHEMISTRY LAB.,GG49001,Physics and Engineering,1,10,12,1,0,0,0,4.17,41.67,50,4.17,0,0,0,Autumn19,8.46
GEOEXPLORATION,GG40002,Mechanical Engineering,0,3,1,1,0,0,0,0,60,20,20,0,0,0,Autumn20,8.4
GEOLOGY FOR ENGINEERS,GG20007,Mechanical Engineering,4,30,27,10,4,0,0,5.33,40,36,13.33,5.33,0,0,Autumn20,8.27
GEOLOGY LABORATORY,GG29009,Engineering Design Process,28,26,6,0,0,0,0,46.67,43.33,10,0,0,0,0,Autumn18,9.37
GEOMETRIC MODELLING FOR DESIGN AND MANUFACTURE,ME21010,Engineering Design Process,0,1,0,0,0,0,0,0,100,0,0,0,0,0,Spring21,9
GEOPHYSICAL FIELD THEORY,EX30004,Mechanical Engineering,6,13,7,0,1,2,0,20.69,44.83,24.14,0,3.45,6.9,0,Autumn19,8.59
GEOPHYSICAL FIELDWORK   I,EX48018,Mechanical Engineering,27,0,0,0,0,0,0,100,0,0,0,0,0,0,Spring21,10
GEOPHYSICAL INVERSE THEORY,EX50017,Mechanical Engineering,1,10,9,3,3,2,0,3.57,35.71,32.14,10.71,10.71,7.14,0,Spring20,7.89
GEOPHYSICAL PROSPECTING,GG41011,Mechanical Engineering,7,13,3,0,0,0,0,30.43,56.52,13.04,0,0,0,0,Autumn20,9.17
GEOPHYSICAL PROSPECTING LAB.,GG49011,Physics and Engineering,7,15,1,0,0,0,0,30.43,65.22,4.35,0,0,0,0,Autumn20,9.26
GEOPHYSICAL SIGNAL PROCESSING,EX30008,Mechanical Engineering,0,3,9,10,2,5,0,0,10.34,31.03,34.48,6.9,17.24,0,Spring20,7.1
GERMAN,HS51604,Mechanical Engineering,1,0,0,0,0,0,0,100,0,0,0,0,0,0,Autumn18,10
GLOBALISATION AND CULTURE,HS30095,Mechanical Engineering,4,2,7,5,2,2,0,18.18,9.09,31.82,22.73,9.09,9.09,0,Autumn19,7.77
GRAPH THEORY AND ALGORITHMS,MA51121,Mechanical Engineering,0,0,2,1,0,1,0,0,0,50,25,0,25,0,Autumn19,7
GRAPHICS AND VISUAL COMMUNICATION,AR13205,Mechanical Engineering,10,12,13,1,1,0,0,27.03,32.43,35.14,2.7,2.7,0,0,Autumn17,8.78
GRAVITY & MAGNETIC METHODS LAB.,EX39006,Physics and Engineering,17,9,2,0,1,0,0,58.62,31.03,6.9,0,3.45,0,0,Spring20,9.41
GRAVITY & MAGNETIC METHODS OF PROSPECTING,EX31006,Mechanical Engineering,6,7,9,4,2,0,0,21.43,25,32.14,14.29,7.14,0,0,Spring20,8.39
GROUND IMPROVEMENT,CE31406,Mechanical Engineering,0,1,0,0,2,0,0,0,33.33,0,0,66.67,0,0,Autumn20,7
GROUNDWATER GEOLOGY,GG52022,Mechanical Engineering,21,4,0,0,0,0,0,84,16,0,0,0,0,0,Spring21,9.84
GROUNDWATER GEOLOGY LABORATORY,GG59022,Engineering Design Process,9,15,0,0,0,0,0,37.5,62.5,0,0,0,0,0,Spring21,9.38
GROUP THEORY FOR CHEMISTS,CY41007,Mechanical Engineering,0,1,3,9,2,1,0,0,6.25,18.75,56.25,12.5,6.25,0,Autumn20,7.06
HAZARDOUS WASTE MANAGEMENT,CE41603,Mechanical Engineering,2,5,8,3,2,0,0,10,25,40,15,10,0,0,Spring20,8.1
HEAT TRANSFER,ME30005,Mechanical Engineering,7,20,25,32,35,26,2,4.76,13.61,17.01,21.77,23.81,17.69,1.36,Autumn19,6.95
HEAT TREATMENT OF MATERIALS LAB.,MT39005,Physics and Engineering,8,10,20,11,4,0,0,15.09,18.87,37.74,20.75,7.55,0,0,Autumn19,8.13
HIGH SPEED AERODYNAMICS,AE31103,Mechanical Engineering,6,6,19,4,1,5,1,14.29,14.29,45.24,9.52,2.38,11.9,2.38,Autumn19,7.83
HISTORY OF ARCHITECTURE I,AR22005,Mechanical Engineering,9,20,7,1,0,0,0,24.32,54.05,18.92,2.7,0,0,0,Autumn18,9
HISTORY OF ARCHITECTURE II,AR22006,Mechanical Engineering,2,19,15,1,0,0,0,5.41,51.35,40.54,2.7,0,0,0,Spring19,8.59
HOUSING AND COMMUNITY PLANNING,AR32004,Mechanical Engineering,0,12,12,8,3,1,1,0,32.43,32.43,21.62,8.11,2.7,2.7,Spring20,7.76
HYDRAULICS,CE21003,Mechanical Engineering,6,13,22,17,11,0,0,8.7,18.84,31.88,24.64,15.94,0,0,Spring19,7.8
HYDROCARBON PRODUCTION ENGINEERING,PE40002,Environmental Engineering,0,1,0,0,0,0,0,0,100,0,0,0,0,0,Spring19,9
HYDRODYNAMICS LABORATORY,NA39011,Engineering Design Process,8,22,13,0,0,0,0,18.6,51.16,30.23,0,0,0,0,Autumn19,8.88
HYDROSTATICS AND STABILITY,NA21101,Mechanical Engineering,6,11,9,7,4,9,0,13.04,23.91,19.57,15.22,8.7,19.57,0,Autumn18,7.59
HYPERSONIC AERODYNAMICS,AE51026,Mechanical Engineering,1,4,2,0,2,0,0,11.11,44.44,22.22,0,22.22,0,0,Spring21,8.22
IGNEOUS PETROLOGY,GG31006,Mechanical Engineering,0,8,7,8,2,1,0,0,30.77,26.92,30.77,7.69,3.85,0,Spring20,7.73
IGNEOUS PETROLOGY LAB.,GG39001,Physics and Engineering,4,16,6,0,0,0,0,15.38,61.54,23.08,0,0,0,0,Spring20,8.92
ILLUMINATION AND ELECTRICAL SERVICES,EE30024,Mechanical Engineering,2,4,10,11,10,0,0,5.41,10.81,27.03,29.73,27.03,0,0,Autumn19,7.38
IMAGE PROCESSING,CS40019,Mechanical Engineering,2,4,5,0,0,0,0,18.18,36.36,45.45,0,0,0,0,Autumn18,8.73
IMMUNOLOGY,BT31014,Mechanical Engineering,9,15,9,2,0,0,0,25.71,42.86,25.71,5.71,0,0,0,Spring20,8.89
INDIAN ECONOMY,HS30085,Mechanical Engineering,5,7,9,11,11,4,0,10.64,14.89,19.15,23.4,23.4,8.51,0,Autumn19,7.4
"INDIAN SOCIETY, LITERATURE AND CULTURE",HS30040,Mechanical Engineering,0,2,4,3,1,0,0,0,20,40,30,10,0,0,Spring19,7.7
INDUCTION PROGRAM,EA10005,Mechanical Engineering,0,0,0,0,0,0,0,#DIV/0!,#DIV/0!,#DIV/0!,#DIV/0!,#DIV/0!,#DIV/0!,#DIV/0!,Autumn17,#DIV/0!
INDUSTRIAL AERODYNAMICS,AE51018,Mechanical Engineering,7,4,1,0,0,0,0,58.33,33.33,8.33,0,0,0,0,Spring21,9.5
INDUSTRIAL INSTRUMENTATION,EE41001,Mechanical Engineering,1,13,18,27,15,5,1,1.25,16.25,22.5,33.75,18.75,6.25,1.25,Autumn20,7.24
INDUSTRIAL PROCESSING OF FOODS AND BEVERAGES,AG40018,Mechanical Engineering,0,1,0,0,0,0,0,0,100,0,0,0,0,0,Autumn20,9
INDUSTRIAL TRAINING,BT48017,Mechanical Engineering,4,3,6,0,0,0,0,30.77,23.08,46.15,0,0,0,0,Autumn20,8.85
INFORMATION AND CODING THEORY,MA41024,Mechanical Engineering,0,0,0,0,0,1,0,0,0,0,0,0,100,0,Autumn20,5
INFORMATION SYSTEMS LAB,IM22001,Physics and Engineering,10,18,14,6,5,0,0,18.87,33.96,26.42,11.32,9.43,0,0,Autumn18,8.42
"INNOVATION, DISRUPTION, AND EXPONENTIAL DEVELOPMENT IN MEDICAL TECHNOLOGIES",EP36001,Mechanical Engineering,0,1,1,0,0,0,0,0,50,50,0,0,0,0,Spring18,8.5
INORGANIC CHEMISTRY I,CY20105,Mechanical Engineering,7,6,4,1,1,1,0,35,30,20,5,5,5,0,Autumn18,8.7
INORGANIC CHEMISTRY II,CY20106,Mechanical Engineering,1,3,2,6,4,4,0,5,15,10,30,20,20,0,Spring19,6.95
INORGANIC CHEMISTRY III,CY31007,Mechanical Engineering,0,2,6,7,3,1,0,0,10.53,31.58,36.84,15.79,5.26,0,Autumn19,7.26
INORGANIC CHEMISTRY LABORATORY I,CY29002,Engineering Design Process,7,6,6,0,0,0,0,36.84,31.58,31.58,0,0,0,0,Spring19,9.05
INORGANIC CHEMISTRY LABORATORY II,CY39004,Engineering Design Process,1,10,5,2,0,0,0,5.56,55.56,27.78,11.11,0,0,0,Spring20,8.56
"INORGANIC CHEMISTRY: PRINCIPLE,STRUCTURE & REACTIVITY",CY41005,Mechanical Engineering,2,8,3,0,3,1,0,11.76,47.06,17.65,0,17.65,5.88,0,Autumn20,8.18
INSTITUTIONAL ECONOMICS,HS40093,Finance,7,9,3,0,0,0,0,36.84,47.37,15.79,0,0,0,0,Autumn20,9.21
INSTRUMENTATION & PROCESS CONTROL,CH31011,Mechanical Engineering,11,23,19,17,7,3,0,13.75,28.75,23.75,21.25,8.75,3.75,0,Autumn19,8.06
INSTRUMENTATION AND PROCESS CONTROL LABORATORY,CH39020,Engineering Design Process,15,45,18,0,0,0,0,19.23,57.69,23.08,0,0,0,0,Spring20,8.96
INSTRUMENTATION DEVICES,IE31001,Mechanical Engineering,3,5,10,9,2,1,0,10,16.67,33.33,30,6.67,3.33,0,Autumn19,7.83
INSTRUMENTATION DEVICES II,IE30002,Mechanical Engineering,1,2,12,8,4,3,0,3.33,6.67,40,26.67,13.33,10,0,Spring20,7.3
INSTRUMENTATION DEVICES LABORATORY,IE39001,Engineering Design Process,1,9,19,1,0,0,0,3.33,30,63.33,3.33,0,0,0,Autumn19,8.33
INSTRUMENTATION LABORATORY II,IE39002,Engineering Design Process,7,19,4,0,0,0,0,23.33,63.33,13.33,0,0,0,0,Spring20,9.1
INSTRUMENTATION SYSTEM DESIGN,IE49002,Engineering Design Process,5,16,9,0,0,0,0,16.67,53.33,30,0,0,0,0,Autumn20,8.87
INTEGRAL EQUATIONS & VARIATIONAL METHODS,MA40002,Mechanical Engineering,0,0,1,1,1,1,0,0,0,25,25,25,25,0,Spring20,6.5
INTEGRAL EQUATIONS AND VARIATIONAL METHODS,MA51004,Mechanical Engineering,0,0,0,0,1,0,0,0,0,0,0,100,0,0,Spring20,6
INTELLIGENT TUTORING SYSTEM,ET30002,Mechanical Engineering,1,0,0,0,0,0,0,100,0,0,0,0,0,0,Spring20,10
INTERCULTURAL COMMUNICATION,HS30036,Mechanical Engineering,3,10,4,5,1,1,0,12.5,41.67,16.67,20.83,4.17,4.17,0,Autumn19,8.25
INTERIOR DESIGN,AR33204,Engineering Design Process,2,9,12,14,0,0,0,5.41,24.32,32.43,37.84,0,0,0,Spring20,7.97
INTERNATIONAL TRADE,HS40078,Mechanical Engineering,0,0,0,0,1,0,0,0,0,0,0,100,0,0,Spring20,6
INTRODUCTION TO AERODYNAMICS,AE21001,Mechanical Engineering,4,3,5,7,11,14,0,9.09,6.82,11.36,15.91,25,31.82,0,Autumn18,6.64
INTRODUCTION TO AEROSPACE STRUCTURES,AE21004,Mechanical Engineering,4,10,10,11,6,1,0,9.52,23.81,23.81,26.19,14.29,2.38,0,Spring19,7.81
INTRODUCTION TO ARCHITECTURE,AR12003,Mechanical Engineering,2,17,8,6,4,0,0,5.41,45.95,21.62,16.22,10.81,0,0,Autumn17,8.19
INTRODUCTION TO ASTRONOMY & ASTROPHYSICS,PH58036,Mechanical Engineering,2,4,0,2,1,0,0,22.22,44.44,0,22.22,11.11,0,0,Spring21,8.44
INTRODUCTION TO AVIONICS,AE40010,Mechanical Engineering,2,0,2,0,0,0,0,50,0,50,0,0,0,0,Spring21,9
INTRODUCTION TO CIVIL ENGG. & MATERIALS,CE20101,Mechanical Engineering,4,24,30,9,2,1,0,5.71,34.29,42.86,12.86,2.86,1.43,0,Autumn18,8.23
INTRODUCTION TO CULTURAL STUDIES,HS30051,Mechanical Engineering,0,0,0,0,0,0,0,#DIV/0!,#DIV/0!,#DIV/0!,#DIV/0!,#DIV/0!,#DIV/0!,#DIV/0!,Autumn20,#DIV/0!
INTRODUCTION TO EARTH SCIENCE,GG20005,Mechanical Engineering,0,4,7,16,15,13,0,0,7.27,12.73,29.09,27.27,23.64,0,Autumn18,6.53
INTRODUCTION TO EARTH SCIENCE LAB.,GG29005,Physics and Engineering,6,42,4,2,1,0,0,10.91,76.36,7.27,3.64,1.82,0,0,Autumn18,8.91
INTRODUCTION TO ELECTRONICS,EC21103,Mechanical Engineering,56,124,91,41,8,2,0,17.39,38.51,28.26,12.73,2.48,0.62,0,Autumn18,8.54
INTRODUCTION TO ELECTRONICS LAB.,EC29003,Physics and Engineering,57,154,87,14,8,1,1,17.7,47.83,27.02,4.35,2.48,0.31,0.31,Autumn18,8.72
INTRODUCTION TO ENGINEERING MATERIALS,MT21107,Environmental Engineering,4,9,12,10,10,10,0,7.27,16.36,21.82,18.18,18.18,18.18,0,Autumn18,7.22
INTRODUCTION TO ENGINEERING MATERIALS LAB.,MT29007,Environmental Engineering,11,35,6,2,0,0,0,20.37,64.81,11.11,3.7,0,0,0,Autumn18,9.02
INTRODUCTION TO ETHICS,HS30070,Mechanical Engineering,1,0,0,2,3,3,0,11.11,0,0,22.22,33.33,33.33,0,Spring19,6.33
INTRODUCTION TO FINANCIAL MANAGEMENT,BM40002,Mechanical Engineering,1,1,2,0,1,2,0,14.29,14.29,28.57,0,14.29,28.57,0,Spring19,7.29
INTRODUCTION TO FLIGHT VEHICLE CONTROLS,AE21008,Mechanical Engineering,5,7,14,2,4,9,1,11.9,16.67,33.33,4.76,9.52,21.43,2.38,Spring19,7.43
INTRODUCTION TO HELICOPTER ENGINEERING,AE40007,Environmental Engineering,1,4,4,4,0,0,2,6.67,26.67,26.67,26.67,0,0,13.33,Autumn20,7.6
INTRODUCTION TO HUMAN BEHAVIOUR IN ORGANISATION,BM40004,Mechanical Engineering,0,1,0,0,0,0,0,0,100,0,0,0,0,0,Autumn19,9
INTRODUCTION TO INTERNET,IT30037,Mechanical Engineering,19,16,21,27,8,12,0,18.45,15.53,20.39,26.21,7.77,11.65,0,Autumn18,7.76
INTRODUCTION TO LANGUAGE AND LINGUISTICS,HS31076,Mechanical Engineering,0,0,0,1,0,0,0,0,0,0,100,0,0,0,Autumn19,7
INTRODUCTION TO MANUFACTURING PROCESSES,ME19001,Mechanical Engineering,24,423,144,12,2,0,0,3.97,69.92,23.8,1.98,0.33,0,0,Autumn17,8.75
INTRODUCTION TO QUANTUM CHEMISTRY & SPECTROSCOPY,CY41009,Mechanical Engineering,0,5,4,5,2,3,0,0,26.32,21.05,26.32,10.53,15.79,0,Autumn19,7.32
INTRODUCTION TO RELIABILITY ENGINEERING,RE20001,Environmental Engineering,0,0,1,0,1,0,0,0,0,50,0,50,0,0,Autumn18,7
INTRODUCTION TO SOCIOLOGY,HS30001,Mechanical Engineering,0,0,0,0,1,0,0,0,0,0,0,100,0,0,Autumn18,6
INTRODUCTION TO TURBULENCE,AE40018,Mechanical Engineering,1,1,3,1,0,0,0,16.67,16.67,50,16.67,0,0,0,Autumn19,8.33
INTRODUCTION TO WIRELESS COMMUNICATIONS,TE30002,Mechanical Engineering,13,13,8,2,0,0,0,36.11,36.11,22.22,5.56,0,0,0,Autumn19,9.03
INVESTMENT MANAGEMENT,BM51001,Mechanical Engineering,1,8,5,1,0,0,0,6.67,53.33,33.33,6.67,0,0,0,Autumn20,8.6
IRON MAKING & STEELMAKING,MT32008,Mechanical Engineering,7,5,12,14,14,2,0,12.96,9.26,22.22,25.93,25.93,3.7,0,Spring20,7.46
IRRIGATION & DRAINAGE ENGINEERING,AG31004,Environmental Engineering,4,15,10,12,12,3,0,7.14,26.79,17.86,21.43,21.43,5.36,0,Spring20,7.61
IRRIGATION & DRAINAGE ENGINEERING LABORATORY,AG39004,Environmental Engineering,9,27,10,9,0,1,0,16.07,48.21,17.86,16.07,0,1.79,0,Spring20,8.59
JOINING OF METALS,MT41007,Mechanical Engineering,0,0,1,0,1,0,0,0,0,50,0,50,0,0,Autumn20,7
KINEMATICS  OF MACHINES,ME21008,Mechanical Engineering,8,9,19,19,43,51,0,5.37,6.04,12.75,12.75,28.86,34.23,0,Spring19,6.44
LABOUR ECONOMICS,HS40085,Finance,0,1,1,2,0,2,0,0,16.67,16.67,33.33,0,33.33,0,Spring19,6.83
LAND & WATER RESOURCES ENGINEERING,AG31003,Environmental Engineering,4,14,10,13,8,6,1,7.14,25,17.86,23.21,14.29,10.71,1.79,Autumn19,7.48
LAND & WATER RESOURCES ENGINEERING LAB.,AG39003,Environmental Engineering,16,15,12,7,5,0,1,28.57,26.79,21.43,12.5,8.93,0,1.79,Autumn19,8.46
LANDSCAPE DESIGN & SITE PLANNING,AR42001,Engineering Design Process,2,7,12,10,4,1,0,5.56,19.44,33.33,27.78,11.11,2.78,0,Autumn20,7.72
LASER APPLICATIONS IN MANUFACTURING,MF40604,Mechanical Engineering,9,55,14,9,1,1,1,10,61.11,15.56,10,1.11,1.11,1.11,Spring21,8.61
LINEAR ALGEBRA,MA20105,Mechanical Engineering,1,7,13,14,7,11,0,1.89,13.21,24.53,26.42,13.21,20.75,0,Autumn18,7.02
"LINEAR ALGEBRA, NUMERICAL AND COMPLEX ANALYSIS",MA11004,Mechanical Engineering,0,0,0,0,1,0,0,0,0,0,0,100,0,0,Spring20,6
LINES PLAN AND HYDROSTATICS LABORATORY,NA29002,Engineering Design Process,5,10,14,7,4,6,0,10.87,21.74,30.43,15.22,8.7,13.04,0,Spring19,7.72
LOGISTICS AND SUPPLY CHAIN MANAGEMENT,IM31008,Mechanical Engineering,2,18,28,4,1,0,0,3.77,33.96,52.83,7.55,1.89,0,0,Autumn19,8.3
LOW SPEED AERODYNAMICS,AE21002,Mechanical Engineering,4,4,8,13,6,7,0,9.52,9.52,19.05,30.95,14.29,16.67,0,Spring19,7.19
MACHINE DESIGN PRACTICE,ME39602,Engineering Design Process,101,14,25,1,3,1,2,68.71,9.52,17.01,0.68,2.04,0.68,1.36,Spring20,9.35
MACHINE LEARNING FOUNDATIONS AND APPLICATIONS,AI42001,Mechanical Engineering,51,101,44,6,1,0,1,25,49.51,21.57,2.94,0.49,0,0.49,Autumn20,8.94
MACHINES TOOLS AND MACHINING,ME30604,Mechanical Engineering,34,38,76,27,16,9,0,17,19,38,13.5,8,4.5,0,Spring20,8.1
MACHINES TOOLS AND MACHINING LAB.,ME39604,Physics and Engineering,84,101,10,3,2,0,0,42,50.5,5,1.5,1,0,0,Spring20,9.31
MACRO ECONOMICS I,HS20007,Finance,6,9,8,11,8,5,1,12.5,18.75,16.67,22.92,16.67,10.42,2.08,Autumn18,7.48
MACRO ECONOMICS II,HS20008,Finance,4,12,11,12,5,3,0,8.51,25.53,23.4,25.53,10.64,6.38,0,Spring19,7.77
MANAGEMENT OF INVENTORY SYSTEMS,IM31010,Mechanical Engineering,13,10,18,10,2,0,0,24.53,18.87,33.96,18.87,3.77,0,0,Spring20,8.42
MARINE CONSTRUCTION AND WELDING,NA21003,Mechanical Engineering,7,6,9,9,10,5,0,15.22,13.04,19.57,19.57,21.74,10.87,0,Autumn18,7.48
MARINE DESIGN,NA31002,Engineering Design Process,2,1,5,19,17,0,0,4.55,2.27,11.36,43.18,38.64,0,0,Spring20,6.91
MARINE DESIGN LABORATORY   I,NA39006,Engineering Design Process,6,6,17,8,3,3,0,13.95,13.95,39.53,18.6,6.98,6.98,0,Spring20,7.88
MARINE DESIGN LABORATORY   II,NA49007,Engineering Design Process,4,23,12,1,2,0,1,9.3,53.49,27.91,2.33,4.65,0,2.33,Autumn20,8.51
MARINE HYDRODYNAMICS,NA21001,Mechanical Engineering,6,12,9,8,6,5,0,13.04,26.09,19.57,17.39,13.04,10.87,0,Spring19,7.76
MARINE PRODUCTION AND PLANNING,NA31003,Mechanical Engineering,2,11,16,10,5,2,0,4.35,23.91,34.78,21.74,10.87,4.35,0,Autumn19,7.76
MARINE STRUCTURAL LABORATORY,NA49005,Engineering Design Process,0,0,0,0,0,0,0,#DIV/0!,#DIV/0!,#DIV/0!,#DIV/0!,#DIV/0!,#DIV/0!,#DIV/0!,Autumn20,#DIV/0!
MARKET MICRO STRUCTURE,HS30096,Mechanical Engineering,9,6,4,1,0,0,0,45,30,20,5,0,0,0,Spring20,9.15
MARKET MICROSTRUCTURE,BM51002,Mechanical Engineering,1,0,0,0,0,0,0,100,0,0,0,0,0,0,Spring21,10
MASS TRANSFER I,CH31001,Mechanical Engineering,1,28,17,45,33,21,1,0.68,19.18,11.64,30.82,22.6,14.38,0.68,Autumn19,6.99
MASS TRANSFER II,CH31010,Mechanical Engineering,11,35,19,10,6,0,0,13.58,43.21,23.46,12.35,7.41,0,0,Spring20,8.43
MASS TRANSFER LABORATORY,CH39006,Engineering Design Process,73,57,15,0,0,0,0,50.34,39.31,10.34,0,0,0,0,Spring20,9.4
MATERIAL CHARACTERIZATION,MT31012,Mechanical Engineering,14,13,13,7,4,3,1,25.45,23.64,23.64,12.73,7.27,5.45,1.82,Spring20,8.24
MATERIAL SCIENCE,MS31007,Mechanical Engineering,0,0,0,1,0,0,0,0,0,0,100,0,0,0,Autumn18,7
MATERIAL TESTING LAB,AR43203,Physics and Engineering,0,0,0,0,0,0,0,#DIV/0!,#DIV/0!,#DIV/0!,#DIV/0!,#DIV/0!,#DIV/0!,#DIV/0!,Autumn20,#DIV/0!
MATERIALS CHARACTERISATION LAB.,MT39004,Physics and Engineering,14,18,9,3,11,0,0,25.45,32.73,16.36,5.45,20,0,0,Spring20,8.38
MATERIALS ENGINEERING,MT30001,Environmental Engineering,2,20,27,36,29,31,1,1.37,13.7,18.49,24.66,19.86,21.23,0.68,Autumn19,6.86
MATERIALS PROCESSING,MT20006,Mechanical Engineering,4,20,20,6,1,4,0,7.27,36.36,36.36,10.91,1.82,7.27,0,Spring19,8.15
MATERIALS PROCESSING LAB.,MT29006,Physics and Engineering,9,31,11,0,1,3,0,16.36,56.36,20,0,1.82,5.45,0,Spring19,8.69
MATHEMATICAL METHODS,MA31007,Mechanical Engineering,1,2,4,0,0,1,0,12.5,25,50,0,0,12.5,0,Autumn18,8.13
MATHEMATICAL METHODS  II,PH41008,Mechanical Engineering,4,4,8,8,5,3,0,12.5,12.5,25,25,15.63,9.38,0,Spring20,7.53
MATHEMATICAL METHODS I,PH31013,Mechanical Engineering,3,2,5,5,10,7,0,9.38,6.25,15.63,15.63,31.25,21.88,0,Autumn19,6.81
MATHEMATICS I,MA10001,Mechanical Engineering,160,253,265,195,162,178,5,13.14,20.77,21.76,16.01,13.3,14.61,0.41,Autumn17,7.59
MATHEMATICS II,MA10002,Mechanical Engineering,223,213,231,206,142,197,5,18.32,17.5,18.98,16.93,11.67,16.19,0.41,Spring18,7.64
MATRIX ALGEBRA,MA20107,Mechanical Engineering,15,26,31,19,11,6,0,13.89,24.07,28.7,17.59,10.19,5.56,0,Autumn18,7.97
MEASURE THEORY AND INTEGRATION,MA51002,Mechanical Engineering,2,2,6,11,18,12,0,3.92,3.92,11.76,21.57,35.29,23.53,0,Spring20,6.49
MEASUREMENTS AND ELECTRONIC INSTRUMENTS,EE21004,Mechanical Engineering,14,22,28,21,8,17,0,12.73,20,25.45,19.09,7.27,15.45,0,Spring19,7.65
MEASUREMENTS AND ELECTRONIC INSTRUMENTS LAB.,EE29004,Physics and Engineering,17,42,34,11,6,0,0,15.45,38.18,30.91,10,5.45,0,0,Spring19,8.48
MECHANICAL OPERATIONS,CH31007,Mechanical Engineering,11,29,19,10,7,4,0,13.75,36.25,23.75,12.5,8.75,5,0,Autumn19,8.19
MECHANICAL OPERATIONS & HEAT TRANSFER LABORATORY,CH39015,Engineering Design Process,21,53,4,2,0,0,0,26.25,66.25,5,2.5,0,0,0,Autumn19,9.16
MECHANICAL TESTING AND WORKING LAB.,MT39009,Physics and Engineering,8,15,16,9,3,3,0,14.81,27.78,29.63,16.67,5.56,5.56,0,Autumn19,8.13
MECHANICAL WORKING OF MATERIALS,MT31009,Mechanical Engineering,4,6,10,15,12,7,0,7.41,11.11,18.52,27.78,22.22,12.96,0,Autumn19,7.15
MECHANICS,ME10001,Mechanical Engineering,170,147,102,72,52,68,2,27.73,23.98,16.64,11.75,8.48,11.09,0.33,Autumn17,8.16
MECHANICS OF FLIGHT,AE31007,Mechanical Engineering,0,3,3,2,23,11,0,0,7.14,7.14,4.76,54.76,26.19,0,Autumn19,6.14
MECHANICS OF SOLIDS,ME21103,Mechanical Engineering,6,7,8,6,9,10,0,13.04,15.22,17.39,13.04,19.57,21.74,0,Autumn18,7.24
MECHANICS OF SOLIDS LABORATORY,ME39013,Engineering Design Process,24,35,35,22,21,7,1,16.55,24.14,24.14,15.17,14.48,4.83,0.69,Autumn19,7.96
MECHANISM SESSIONAL,ME29002,Mechanical Engineering,55,63,24,5,1,1,0,36.91,42.28,16.11,3.36,0.67,0.67,0,Spring19,9.09
METABOLIC ENGINEERING,BT41014,Environmental Engineering,0,1,2,3,1,0,0,0,14.29,28.57,42.86,14.29,0,0,Spring21,7.43
METALLURGICAL FAILURE ANALYSIS,MT41034,Mechanical Engineering,0,0,0,0,1,0,0,0,0,0,0,100,0,0,Autumn20,6
METALLURGICAL THERMODYNAMICS AND KINETICS,MT21105,Mechanical Engineering,10,9,15,9,3,9,0,18.18,16.36,27.27,16.36,5.45,16.36,0,Autumn18,7.76
METALLURGICAL THERMODYNAMICS AND KINETICS LAB.,MT29005,Physics and Engineering,1,15,23,7,5,3,0,1.85,27.78,42.59,12.96,9.26,5.56,0,Autumn18,7.83
METAMORPHIC PETROLOGY,GG31009,Mechanical Engineering,2,3,5,11,2,1,0,8.33,12.5,20.83,45.83,8.33,4.17,0,Autumn19,7.54
METAMORPHIC PETROLOGY LAB.,GG39009,Physics and Engineering,8,15,0,0,1,0,0,33.33,62.5,0,0,4.17,0,0,Autumn19,9.21
MICRO ECONOMICS I,HS20005,Finance,2,11,7,13,8,7,0,4.17,22.92,14.58,27.08,16.67,14.58,0,Autumn18,7.27
MICRO ECONOMICS II,HS20006,Finance,5,7,9,12,5,9,0,10.64,14.89,19.15,25.53,10.64,19.15,0,Spring19,7.32
MICROBIOLOGY,BT20103,Mechanical Engineering,6,5,12,4,6,4,0,16.22,13.51,32.43,10.81,16.22,10.81,0,Autumn18,7.7
MICROBIOLOGY LABORATORY,BT29003,Engineering Design Process,6,25,4,0,0,0,1,16.67,69.44,11.11,0,0,0,2.78,Autumn18,8.92
MICROCONTROLLER & EMBEDDED SYSTEMS,EC31006,Mechanical Engineering,39,51,12,5,0,0,0,36.45,47.66,11.21,4.67,0,0,0,Spring20,9.16
MICROCONTROLLER SYSTEMS LABORATORY,EC49001,Engineering Design Process,21,56,26,2,0,0,1,19.81,52.83,24.53,1.89,0,0,0.94,Autumn20,8.87
MICROWAVE LABORATORY,EC39005,Engineering Design Process,15,37,39,10,6,1,0,13.89,34.26,36.11,9.26,5.56,0.93,0,Autumn19,8.39
MINE HAZARDS AND RESCUE,MI31002,Mechanical Engineering,9,38,10,2,1,0,0,15,63.33,16.67,3.33,1.67,0,0,Spring20,8.87
MINE HAZARDS AND RESCUE LABORATORY,MI39002,Engineering Design Process,4,20,25,7,0,0,0,7.14,35.71,44.64,12.5,0,0,0,Spring20,8.38
MINE SAFETY & LEGISLATION,MI40004,Mechanical Engineering,0,4,28,11,15,0,0,0,6.9,48.28,18.97,25.86,0,0,Spring21,7.36
MINE SURVEYING,MI21002,Mechanical Engineering,0,5,7,17,19,12,0,0,8.33,11.67,28.33,31.67,20,0,Spring19,6.57
MINE SURVEYING LABORATORY,MI29002,Engineering Design Process,22,26,10,2,0,0,0,36.67,43.33,16.67,3.33,0,0,0,Spring19,9.13
MINERAL RESOURCES,GG31005,Mechanical Engineering,1,5,8,16,18,5,0,1.89,9.43,15.09,30.19,33.96,9.43,0,Autumn19,6.87
MINERAL RESOURCES LAB.,GG39003,Physics and Engineering,2,18,17,9,4,3,0,3.77,33.96,32.08,16.98,7.55,5.66,0,Autumn19,7.92
MINERALOGY,GG21105,Mechanical Engineering,3,6,13,10,13,10,0,5.45,10.91,23.64,18.18,23.64,18.18,0,Autumn18,7.02
MINING MACHINERY,MI30013,Mechanical Engineering,0,4,15,20,10,10,0,0,6.78,25.42,33.9,16.95,16.95,0,Autumn19,6.88
MINING MACHINERY LABORATORY,MI39013,Engineering Design Process,1,1,10,25,16,4,0,1.75,1.75,17.54,43.86,28.07,7.02,0,Autumn19,6.84
MODERN ALGEBRA,MA30002,Mechanical Engineering,2,3,2,9,23,16,1,3.57,5.36,3.57,16.07,41.07,28.57,1.79,Spring20,6.21
MODERN METHODS OF MANUFACTURING,ME40111,Mechanical Engineering,3,9,7,1,2,0,0,13.64,40.91,31.82,4.55,9.09,0,0,Autumn20,8.45
MODERNISATION AND CREATIVE COMMUNICATION,HS30075,Mechanical Engineering,1,0,2,3,0,0,0,16.67,0,33.33,50,0,0,0,Autumn18,7.83
MOLECULAR THERMODYNAMICS & KINETICS,CY41012,Mechanical Engineering,4,4,3,5,2,1,0,21.05,21.05,15.79,26.32,10.53,5.26,0,Spring20,8
MONETARY ECONOMICS,HS31082,Finance,8,14,14,5,5,2,0,16.67,29.17,29.17,10.42,10.42,4.17,0,Spring20,8.19
NATURAL GAS ENGINEERING,MI40005,Environmental Engineering,0,0,0,0,2,0,0,0,0,0,0,100,0,0,Spring19,6
NETWORK THEORY,EC21005,Mechanical Engineering,30,22,27,17,9,3,0,27.78,20.37,25,15.74,8.33,2.78,0,Autumn18,8.35
NETWORK THEORY LAB.,EC29005,Physics and Engineering,36,20,37,12,3,0,0,33.33,18.52,34.26,11.11,2.78,0,0,Autumn18,8.69
NETWORKS LAB.,CS39006,Physics and Engineering,53,20,16,12,0,2,0,51.46,19.42,15.53,11.65,0,1.94,0,Spring20,9.05
NEUROPHYSIOLOGY,BT41022,Mechanical Engineering,5,20,7,3,0,0,0,14.29,57.14,20,8.57,0,0,0,Spring21,8.77
NON DESTRUCTIVE TESTING,MT41025,Mechanical Engineering,0,0,0,1,0,0,0,0,0,0,100,0,0,0,Autumn20,7
NON LINEAR PROGRAMMING,MA41010,Mechanical Engineering,0,0,3,0,0,1,0,0,0,75,0,0,25,0,Spring20,7.25
NON TRADITIONAL MANUFACTURING & CIM LAB.,MF49601,Physics and Engineering,34,16,6,0,0,0,0,60.71,28.57,10.71,0,0,0,0,Autumn20,9.5
NON TRADITIONAL MANUFACTURING PROCESSES,MF30604,Mechanical Engineering,0,10,13,5,5,4,0,0,27.03,35.14,13.51,13.51,10.81,0,Spring20,7.54
NUCLEAR & PARTICLE PHYSICS LAB I,PH49016,Physics and Engineering,4,23,4,0,0,0,0,12.9,74.19,12.9,0,0,0,0,Spring20,9
NUCLEAR AND PARTICLE PHYSICS  I,PH41016,Physics and Engineering,1,5,7,6,6,6,1,3.13,15.63,21.88,18.75,18.75,18.75,3.13,Spring20,6.97
NUCLEAR AND PARTICLE PHYSICS  II,PH41019,Physics and Engineering,3,10,18,0,0,0,0,9.68,32.26,58.06,0,0,0,0,Autumn20,8.52
NUCLEAR AND PARTICLE PHYSICS LAB II,PH49019,Physics and Engineering,0,0,0,0,0,0,0,#DIV/0!,#DIV/0!,#DIV/0!,#DIV/0!,#DIV/0!,#DIV/0!,#DIV/0!,Autumn20,#DIV/0!
NUCLEAR GEOPHYSICS,EX41004,Mechanical Engineering,1,6,20,0,0,0,0,3.7,22.22,74.07,0,0,0,0,Spring21,8.3
NUCLEAR GEOPHYSICS LABORATORY,EX49004,Engineering Design Process,0,27,0,0,0,1,0,0,96.43,0,0,0,3.57,0,Spring21,8.86
NUMERICAL SOLUTION OF ORDINARY AND PDE,MA20102,Mechanical Engineering,15,26,53,47,45,56,0,6.2,10.74,21.9,19.42,18.6,23.14,0,Spring19,6.97
NUMERICAL TECHNIQUES LABORATORY,MA39110,Engineering Design Process,3,23,14,5,2,2,1,6,46,28,10,4,4,2,Spring20,8.2
OBJECT ORIENTED SYSTEMS DESIGN,MA31011,Engineering Design Process,2,11,29,7,3,0,0,3.85,21.15,55.77,13.46,5.77,0,0,Autumn19,8.04
OBJECT ORIENTED SYSTEMS DESIGN LABORATORY,MA39011,Engineering Design Process,4,17,18,11,3,0,0,7.55,32.08,33.96,20.75,5.66,0,0,Autumn19,8.15
OFFSHORE TECHNOLOGY,NA40010,Mechanical Engineering,0,0,0,0,1,2,0,0,0,0,0,33.33,66.67,0,Spring20,5.33
OIL AND GAS WELL TESTING AND ENHANCED OIL RECOVERY,MI50009,Mechanical Engineering,0,0,0,0,0,1,0,0,0,0,0,0,100,0,Autumn18,5
OPERATING SYSTEMS,CS30002,Mechanical Engineering,10,31,26,15,13,7,0,9.8,30.39,25.49,14.71,12.75,6.86,0,Spring20,7.89
OPERATING SYSTEMS LABORATORY,CS39002,Engineering Design Process,37,23,23,12,3,4,0,36.27,22.55,22.55,11.76,2.94,3.92,0,Spring20,8.66
OPERATION RESEARCH,MA30014,Mechanical Engineering,0,2,0,2,1,0,0,0,40,0,40,20,0,0,Spring19,7.6
OPERATION RESEARCH LABORATORY,MA39014,Engineering Design Process,8,34,10,0,0,0,3,14.55,61.82,18.18,0,0,0,5.45,Spring20,8.69
OPERATIONS RESEARCH,IM41082,Mechanical Engineering,0,0,0,0,0,1,0,0,0,0,0,0,100,0,Autumn19,5
OPERATIONS RESEARCH I,IM21003,Mechanical Engineering,22,33,29,19,14,20,0,16.06,24.09,21.17,13.87,10.22,14.6,0,Autumn18,7.78
OPERATIONS RESEARCH II,IM21006,Mechanical Engineering,2,4,13,12,20,2,0,3.77,7.55,24.53,22.64,37.74,3.77,0,Spring19,7.06
OPERATIONS RESEARCH LAB.,IM29006,Physics and Engineering,20,20,10,3,0,0,0,37.74,37.74,18.87,5.66,0,0,0,Spring19,9.08
OPTICS,PH41004,Mechanical Engineering,0,0,0,0,0,1,0,0,0,0,0,0,100,0,Autumn18,5
OPTIMISATION AND HEURISTIC METHODS,IM31012,Mechanical Engineering,7,14,17,7,6,2,0,13.21,26.42,32.08,13.21,11.32,3.77,0,Spring20,8.06
OPTIMISATION AND HEURISTIC METHODS PROJECT,IM39003,Mechanical Engineering,3,16,11,8,6,9,0,5.66,30.19,20.75,15.09,11.32,16.98,0,Spring20,7.53
ORDER AND CHAOS,PH41009,Mechanical Engineering,5,6,7,9,5,1,0,15.15,18.18,21.21,27.27,15.15,3.03,0,Spring21,7.82
ORE GEOLOGY,GG41005,Mechanical Engineering,7,13,3,1,0,0,0,29.17,54.17,12.5,4.17,0,0,0,Autumn20,9.08
ORE GEOLOGY LAB.,GG49005,Physics and Engineering,5,11,7,1,0,0,0,20.83,45.83,29.17,4.17,0,0,0,Autumn20,8.83
ORGANIC CHEMISTRY I,CY20103,Mechanical Engineering,2,5,8,3,1,1,0,10,25,40,15,5,5,0,Autumn18,8.05
ORGANIC CHEMISTRY II,CY21006,Mechanical Engineering,4,1,7,3,2,3,0,20,5,35,15,10,15,0,Spring19,7.65
ORGANIC CHEMISTRY III,CY31003,Mechanical Engineering,3,4,2,5,4,1,0,15.79,21.05,10.53,26.32,21.05,5.26,0,Autumn19,7.68
ORGANIC CHEMISTRY LABORATORY I,CY29004,Engineering Design Process,0,16,4,0,0,0,0,0,80,20,0,0,0,0,Spring19,8.8
ORGANIC CHEMISTRY LABORATORY II,CY39003,Engineering Design Process,5,12,1,0,0,0,0,27.78,66.67,5.56,0,0,0,0,Autumn19,9.22
ORGANIC FOOD CHAIN MANAGEMENT,AG31026,Mechanical Engineering,3,6,8,5,2,3,0,11.11,22.22,29.63,18.52,7.41,11.11,0,Spring20,7.78
PALEOBIOLOGY AND PALEOECOLOGY,GG40013,Mechanical Engineering,0,3,6,0,0,0,0,0,33.33,66.67,0,0,0,0,Autumn20,8.33
PALEONTOLOGY,GG21103,Mechanical Engineering,3,5,7,5,3,3,0,11.54,19.23,26.92,19.23,11.54,11.54,0,Autumn18,7.65
PALEONTOLOGY AND  STRATIGRAPHY,GG20003,Mechanical Engineering,0,4,11,3,6,5,0,0,13.79,37.93,10.34,20.69,17.24,0,Spring19,7.1
PALEONTOLOGY LAB.,GG29003,Physics and Engineering,0,6,10,6,4,0,0,0,23.08,38.46,23.08,15.38,0,0,Autumn18,7.69
PARTIAL DIFFERENTIAL EQUATIONS,MA20103,Mechanical Engineering,36,49,60,74,51,89,2,9.97,13.57,16.62,20.5,14.13,24.65,0.55,Autumn18,7.09
PAVEMENT DESIGN,CE31510,Engineering Design Process,0,0,0,1,0,0,0,0,0,0,100,0,0,0,Spring20,7
PAVEMENT MATERIALS,CE41021,Mechanical Engineering,1,1,3,0,0,0,0,20,20,60,0,0,0,0,Autumn20,8.6
PERSONNEL MANAGEMENT AND INDUSTRIAL RELATIONS,HS40003,Mechanical Engineering,0,0,1,0,0,0,0,0,0,100,0,0,0,0,Autumn19,8
PETROLEUM ECONOMICS AND MANAGEMENT,HS30037,Finance,1,1,3,5,5,1,0,6.25,6.25,18.75,31.25,31.25,6.25,0,Autumn18,7.06
PETROLOGY,GG20004,Mechanical Engineering,0,7,7,6,4,5,0,0,24.14,24.14,20.69,13.79,17.24,0,Spring19,7.24
PHASE TRANSFORMATION AND HEAT TREATMENT OF MATERIALS,MT31017,Mechanical Engineering,2,1,6,8,10,27,0,3.7,1.85,11.11,14.81,18.52,50,0,Autumn19,6.07
"PHOTOGRAPHY, ART & ADVANCED VISUAL COMMUNICATION",AR23205,Mechanical Engineering,7,21,9,0,0,0,0,18.92,56.76,24.32,0,0,0,0,Autumn18,8.95
PHYSICAL CHEMISTRY I,CY20101,Mechanical Engineering,2,2,8,5,2,1,0,10,10,40,25,10,5,0,Autumn18,7.7
PHYSICAL CHEMISTRY II,CY20102,Mechanical Engineering,0,4,7,5,1,3,0,0,20,35,25,5,15,0,Spring19,7.4
PHYSICAL CHEMISTRY LABORATORY I,CY29001,Engineering Design Process,0,4,8,6,1,0,0,0,21.05,42.11,31.58,5.26,0,0,Autumn18,7.79
PHYSICAL CHEMISTRY LABORATORY II,CY39001,Engineering Design Process,0,11,5,3,0,0,0,0,57.89,26.32,15.79,0,0,0,Autumn19,8.42
PHYSICS,PH11001,Physics and Engineering,81,153,132,102,101,44,0,13.21,24.96,21.53,16.64,16.48,7.18,0,Autumn17,7.8
PHYSICS II,PH20003,Physics and Engineering,19,34,43,33,41,21,1,9.9,17.71,22.4,17.19,21.35,10.94,0.52,Autumn18,7.43
PHYSICS LAB.,PH19001,Physics and Engineering,113,258,169,53,10,10,0,18.43,42.09,27.57,8.65,1.63,1.63,0,Autumn17,8.62
PHYSICS LABORATORY,PH19003,Engineering Design Process,1,0,0,0,0,0,0,100,0,0,0,0,0,0,Autumn19,10
PHYSICS OF FLUID FLOW EXPERIMENTS,AE40037,Mechanical Engineering,4,3,0,0,0,0,0,57.14,42.86,0,0,0,0,0,Autumn20,9.57
PHYSICS OF MATERIALS,MT41011,Physics and Engineering,0,0,4,5,5,0,1,0,0,26.67,33.33,33.33,0,6.67,Autumn20,6.73
PHYSICS OF SOLID EARTH,EX20001,Mechanical Engineering,1,5,18,22,8,1,0,1.82,9.09,32.73,40,14.55,1.82,0,Autumn18,7.38
PHYSICS OF WAVES,PH11003,Physics and Engineering,0,0,0,1,0,0,0,0,0,0,100,0,0,0,Autumn19,7
PLANT CELL & TISSUE CULTURE LABORATORY,BT39006,Engineering Design Process,13,21,1,0,0,0,0,37.14,60,2.86,0,0,0,0,Spring20,9.34
PLANT CELL TISSUE CULTURE,BT31010,Mechanical Engineering,12,13,10,1,0,0,0,33.33,36.11,27.78,2.78,0,0,0,Spring20,9
POLYMER TECHNOLOGY,MS41004,Mechanical Engineering,8,17,2,0,0,0,0,29.63,62.96,7.41,0,0,0,0,Spring21,9.22
POSITIVE PSYCHOLOGY,HS20004,Mechanical Engineering,14,28,6,1,0,0,0,28.57,57.14,12.24,2.04,0,0,0,Autumn18,9.12
POST HARVEST ENGINEERING,AG31008,Environmental Engineering,2,14,8,17,11,4,0,3.57,25,14.29,30.36,19.64,7.14,0,Spring20,7.41
POWDER METALLURGY,MT41037,Mechanical Engineering,4,6,6,3,2,1,0,18.18,27.27,27.27,13.64,9.09,4.55,0,Autumn20,8.18
POWER APPARATUS & SYSTEM DESIGN,EE49004,Engineering Design Process,13,35,25,4,2,0,1,16.25,43.75,31.25,5,2.5,0,1.25,Spring21,8.61
POWER ELECTRONICS,EE31011,Mechanical Engineering,3,6,18,17,15,21,0,3.75,7.5,22.5,21.25,18.75,26.25,0,Autumn19,6.78
POWER ELECTRONICS LAB.,EE39006,Physics and Engineering,20,27,15,8,6,4,0,25,33.75,18.75,10,7.5,5,0,Autumn19,8.44
POWER SYSTEMS,EE31002,Mechanical Engineering,7,13,22,26,12,0,0,8.75,16.25,27.5,32.5,15,0,0,Spring20,7.71
POWER SYSTEMS LAB.,EE39002,Physics and Engineering,5,27,32,11,1,3,1,6.25,33.75,40,13.75,1.25,3.75,1.25,Spring20,8.14
PRINCIPLES OF EXTRACTIVE METALLURGY,MT31015,Mechanical Engineering,4,3,3,13,14,17,0,7.41,5.56,5.56,24.07,25.93,31.48,0,Autumn19,6.5
PRINCIPLES OF FOOD ENGINEERING,AG31005,Environmental Engineering,4,6,5,10,10,20,1,7.14,10.71,8.93,17.86,17.86,35.71,1.79,Autumn19,6.57
PRINCIPLES OF ORGANIC SYNTHESIS,CY41011,Mechanical Engineering,0,0,3,5,6,4,0,0,0,16.67,27.78,33.33,22.22,0,Autumn20,6.39
PRINCIPLES OF ORGANOMETALLICS & BIOINORGNIC CHEMISTRY,CY41014,Mechanical Engineering,0,0,1,5,10,1,0,0,0,5.88,29.41,58.82,5.88,0,Spring21,6.35
PRINCIPLES OF PROGRAMMING LANGUAGES,CS40032,Mechanical Engineering,32,18,2,2,0,2,0,57.14,32.14,3.57,3.57,0,3.57,0,Spring20,9.32
PROBABILITY & STATISTICS,MA20104,Mechanical Engineering,96,102,119,101,95,92,0,15.87,16.86,19.67,16.69,15.7,15.21,0,Spring19,7.55
PROBABILITY & STOCHASTIC PROCESSES,MA20106,Mechanical Engineering,25,41,31,35,27,51,0,11.9,19.52,14.76,16.67,12.86,24.29,0,Spring19,7.28
PROBABILITY AND STATISTICS,MA41009,Mechanical Engineering,0,0,0,0,0,1,0,0,0,0,0,0,100,0,Autumn19,5
PROCESS EQUIPMENT DESIGN I,CH39023,Engineering Design Process,11,20,28,18,4,0,0,13.58,24.69,34.57,22.22,4.94,0,0,Autumn19,8.2
PROCESS EQUIPMENT DESIGN II,CH39022,Engineering Design Process,12,36,23,10,0,0,0,14.81,44.44,28.4,12.35,0,0,0,Spring20,8.62
PRODUCT DEVELOPMENT,IM41001,Mechanical Engineering,2,20,22,6,0,0,0,4,40,44,12,0,0,0,Autumn20,8.36
PRODUCT DEVELOPMENT PROJECT,IM49001,Mechanical Engineering,0,19,31,0,0,0,0,0,38,62,0,0,0,0,Autumn20,8.38
PRODUCTION DESIGN AND PROCESS PLANNING,IM21002,Engineering Design Process,7,12,15,8,6,5,0,13.21,22.64,28.3,15.09,11.32,9.43,0,Spring19,7.83
PRODUCTION PLANNING AND CONTROL,IM31007,Mechanical Engineering,5,15,21,10,1,1,0,9.43,28.3,39.62,18.87,1.89,1.89,0,Autumn19,8.19
PROGAMMING AND DATA STRUCTURES,CS10003,Mechanical Engineering,0,0,0,0,1,0,0,0,0,0,0,100,0,0,Spring20,6
PROGAMMING AND DATA STRUCTURES LABORATORY,CS19003,Engineering Design Process,0,1,0,0,0,0,0,0,100,0,0,0,0,0,Spring20,9
PROGRAMMING AND DATA STRUCTURES,CS10001,Mechanical Engineering,103,110,148,83,107,60,2,16.8,17.94,24.14,13.54,17.46,9.79,0.33,Autumn17,7.72
PROGRAMMING AND DATA STRUCTURES TUTORIAL AND LABORATORY,CS19101,Engineering Design Process,102,146,161,111,66,25,2,16.64,23.82,26.26,18.11,10.77,4.08,0.33,Autumn17,8.04
PROJECT   PART 2,EE47008,Mechanical Engineering,7,11,4,1,0,0,1,29.17,45.83,16.67,4.17,0,0,4.17,Spring21,8.83
PROJECT I,AE47007,Mechanical Engineering,8,8,9,2,0,0,2,27.59,27.59,31.03,6.9,0,0,6.9,Autumn20,8.48
PROJECT II,CE47006,Mechanical Engineering,3,6,2,0,0,0,0,27.27,54.55,18.18,0,0,0,0,Spring21,9.09
PROJECT SEMINAR,CS39008,Mechanical Engineering,72,24,3,1,2,0,0,70.59,23.53,2.94,0.98,1.96,0,0,Spring20,9.6
PROPULSION LABORATORY,AE39004,Engineering Design Process,4,14,11,3,3,3,0,10.53,36.84,28.95,7.89,7.89,7.89,0,Spring20,8.11
PUBLIC FINANCE AND POLICY,HS30079,Mechanical Engineering,3,9,14,13,9,1,0,6.12,18.37,28.57,26.53,18.37,2.04,0,Autumn19,7.61
QUALITY DESIGN AND CONTROL,IM31005,Engineering Design Process,1,7,15,15,8,7,0,1.89,13.21,28.3,28.3,15.09,13.21,0,Autumn19,7.19
QUALITY DESIGN AND CONTROL LABORATORY,IM39005,Engineering Design Process,19,26,7,1,0,0,0,35.85,49.06,13.21,1.89,0,0,0,Autumn19,9.19
QUALITY ENGINEERING,IM31002,Environmental Engineering,3,13,11,15,6,5,0,5.66,24.53,20.75,28.3,11.32,9.43,0,Spring20,7.57
QUANTITATIVE DECISION MAKING,MI31007,Mechanical Engineering,11,13,21,6,5,3,0,18.64,22.03,35.59,10.17,8.47,5.08,0,Autumn19,8.17
QUANTUM MECHANICS I,PH31011,Mechanical Engineering,6,2,3,6,6,9,0,18.75,6.25,9.38,18.75,18.75,28.13,0,Autumn19,7.03
QUANTUM MECHANICS II,PH41010,Mechanical Engineering,3,5,3,6,5,10,0,9.38,15.63,9.38,18.75,15.63,31.25,0,Spring20,6.91
REACTION ENGINEERING,CH31009,Environmental Engineering,1,8,8,15,26,22,0,1.25,10,10,18.75,32.5,27.5,0,Autumn19,6.46
REACTION ENGINEERING LABORATORY,CH49015,Environmental Engineering,0,0,0,0,0,0,0,#DIV/0!,#DIV/0!,#DIV/0!,#DIV/0!,#DIV/0!,#DIV/0!,#DIV/0!,Autumn20,#DIV/0!
REAL ANALYSIS,MA31005,Mechanical Engineering,0,0,0,1,1,2,0,0,0,0,25,25,50,0,Autumn18,5.75
REAL ESTATE  VALUATION,AR42005,Mechanical Engineering,2,5,12,3,0,0,1,8.7,21.74,52.17,13.04,0,0,4.35,Autumn20,8.09
REGRESSION AND TIME SERIES MODEL,MA31020,Mechanical Engineering,5,14,24,21,15,10,1,5.56,15.56,26.67,23.33,16.67,11.11,1.11,Autumn19,7.32
RESCUE AND DISASTER MANAGEMENT,MI50003,Mechanical Engineering,2,4,3,0,0,0,0,22.22,44.44,33.33,0,0,0,0,Autumn20,8.89
RESISTANCE AND PROPULSION,NA31005,Mechanical Engineering,2,1,8,7,2,26,0,4.35,2.17,17.39,15.22,4.35,56.52,0,Autumn19,6.17
RF & MICROWAVE ENGINEERING,EC31005,Environmental Engineering,13,16,26,17,23,13,0,12.04,14.81,24.07,15.74,21.3,12.04,0,Autumn19,7.44
ROBOTS AND COMPUTER CONTROLLED MACHINES,MF30003,Mechanical Engineering,8,13,9,6,1,0,0,21.62,35.14,24.32,16.22,2.7,0,0,Spring20,8.57
ROCK MECHANICS AND TUNNELLING,CE31410,Mechanical Engineering,0,4,10,7,3,0,0,0,16.67,41.67,29.17,12.5,0,0,Autumn20,7.63
ROCK MECHANICS LABORATORY,MI29007,Engineering Design Process,19,35,6,0,0,0,0,31.67,58.33,10,0,0,0,0,Autumn18,9.22
RUBBER PROCESS ENGINEERING,RT30018,Environmental Engineering,0,7,8,12,3,0,0,0,23.33,26.67,40,10,0,0,Spring19,7.63
SAFETY ENGINEERING,MI45008,Environmental Engineering,4,5,5,3,1,0,0,22.22,27.78,27.78,16.67,5.56,0,0,Spring21,8.44
SANSKRIT AND HERITAGE,HS20018,Mechanical Engineering,3,11,8,5,2,0,0,10.34,37.93,27.59,17.24,6.9,0,0,Autumn18,8.28
SCIENCE AND HUMANISM,HS30074,Mechanical Engineering,1,8,10,9,7,3,0,2.63,21.05,26.32,23.68,18.42,7.89,0,Autumn18,7.42
SCIENCE OF LIVING SYSTEM,BS20001,Mechanical Engineering,43,77,123,135,70,55,1,8.53,15.28,24.4,26.79,13.89,10.91,0.2,Autumn18,7.44
SCIENCE OF LIVING SYSTEMS,BS10003,Mechanical Engineering,1,0,0,0,0,0,0,100,0,0,0,0,0,0,Spring20,10
SEAKEEPING & MANEUVERING,NA31006,Mechanical Engineering,3,5,4,9,10,13,2,6.52,10.87,8.7,19.57,21.74,28.26,4.35,Spring20,6.59
SEDIMENTOLOGY,GG31004,Mechanical Engineering,4,7,9,4,1,0,0,16,28,36,16,4,0,0,Spring20,8.36
SEDIMENTOLOGY LAB.,GG39008,Physics and Engineering,3,14,7,2,0,0,0,11.54,53.85,26.92,7.69,0,0,0,Spring20,8.69
SEISMIC METHODS LAB.,EX49003,Physics and Engineering,0,2,13,11,2,0,0,0,7.14,46.43,39.29,7.14,0,0,Autumn20,7.54
SEISMIC METHODS OF PROSPECTING,EX41003,Mechanical Engineering,0,0,2,14,9,3,0,0,0,7.14,50,32.14,10.71,0,Autumn20,6.54
SEISMOLOGY,EX40009,Mechanical Engineering,0,1,15,8,0,1,0,0,4,60,32,0,4,0,Autumn20,7.6
SEMICONDUCTOR DEVICES,EC21107,Mechanical Engineering,8,22,19,32,22,13,0,6.9,18.97,16.38,27.59,18.97,11.21,0,Autumn18,7.34
SEMINAR,HS38002,Mechanical Engineering,9,18,20,0,0,0,0,19.15,38.3,42.55,0,0,0,0,Spring20,8.77
SEQUENCE STRATIGRAPHY,GG40004,Mechanical Engineering,9,19,16,5,1,2,0,17.31,36.54,30.77,9.62,1.92,3.85,0,Spring21,8.46
SHIP STRENGTH,NA21004,Mechanical Engineering,4,12,1,10,12,7,0,8.7,26.09,2.17,21.74,26.09,15.22,0,Spring19,7.24
SIGNALS & NETWORKS,EE21101,Mechanical Engineering,24,49,44,63,25,8,2,11.16,22.79,20.47,29.3,11.63,3.72,0.93,Autumn18,7.78
SIGNALS & NETWORKS LAB.,EE29001,Physics and Engineering,20,59,76,40,16,1,2,9.35,27.57,35.51,18.69,7.48,0.47,0.93,Autumn18,8.07
SIGNALS AND SYSTEMS,EC21004,Mechanical Engineering,3,19,31,26,10,19,0,2.78,17.59,28.7,24.07,9.26,17.59,0,Spring19,7.28
SIMULATION,IM31006,Mechanical Engineering,4,12,28,5,3,1,0,7.55,22.64,52.83,9.43,5.66,1.89,0,Spring20,8.11
SIMULATION LAB.,IM39006,Physics and Engineering,4,36,13,0,0,0,0,7.55,67.92,24.53,0,0,0,0,Spring20,8.83
SMART STRUCTURES,AE51019,Mechanical Engineering,0,0,0,0,0,0,1,0,0,0,0,0,0,100,Autumn20,4
SOCIO TECHNICAL INTERVENTIONS FOR AGEING SOCIETIES,HS30050,Mechanical Engineering,0,2,3,2,2,0,0,0,22.22,33.33,22.22,22.22,0,0,Autumn18,7.56
SOCIOLOGY OF  SCIENCE,HS40072,Mechanical Engineering,2,4,9,2,6,0,0,8.7,17.39,39.13,8.7,26.09,0,0,Autumn19,7.74
SOCIOLOGY OF ARCHITECTURE,HS30003,Mechanical Engineering,1,12,5,10,9,0,0,2.7,32.43,13.51,27.03,24.32,0,0,Autumn19,7.62
SOCIOLOGY OF ECONOMICS DEVELOPMENT,HS30057,Finance,0,0,2,0,0,0,0,0,0,100,0,0,0,0,Autumn19,8
SOCIOLOGY OF RESOURCE MANAGEMENT,HS30054,Mechanical Engineering,0,0,0,2,0,1,0,0,0,0,66.67,0,33.33,0,Spring20,6.33
SOFT COMPUTING,MF41601,Mechanical Engineering,0,0,1,0,0,0,0,0,0,100,0,0,0,0,Autumn19,8
SOFT COMPUTING TOOLS IN ENGINEERING,CE31501,Environmental Engineering,0,14,14,6,1,1,0,0,38.89,38.89,16.67,2.78,2.78,0,Spring19,8.08
SOFTWARE ENGINEERING,CS20006,Environmental Engineering,8,34,29,19,12,1,0,7.77,33.01,28.16,18.45,11.65,0.97,0,Spring19,8.04
SOFTWARE ENGINEERING LABORATORY,CS29006,Environmental Engineering,20,49,23,8,3,0,0,19.42,47.57,22.33,7.77,2.91,0,0,Spring19,8.73
SOIL MECHANICS,CE31003,Mechanical Engineering,2,10,16,12,15,11,0,3.03,15.15,24.24,18.18,22.73,16.67,0,Autumn19,7.08
SOIL MECHANICS LABORATORY,CE39009,Engineering Design Process,7,35,16,7,0,0,0,10.77,53.85,24.62,10.77,0,0,0,Autumn19,8.65
SOIL TECHNOLOGY,AG20103,Mechanical Engineering,3,7,19,11,7,9,0,5.36,12.5,33.93,19.64,12.5,16.07,0,Autumn18,7.3
SOIL TECHNOLOGY LAB.,AG29003,Physics and Engineering,8,40,8,0,0,0,0,14.29,71.43,14.29,0,0,0,0,Autumn18,9
SOLID MECHANICS,CE21005,Mechanical Engineering,2,21,29,25,32,19,1,1.55,16.28,22.48,19.38,24.81,14.73,0.78,Autumn18,7.03
SOLID STATE CHEMISTRY,CY50033,Mechanical Engineering,1,8,6,2,0,1,0,5.56,44.44,33.33,11.11,0,5.56,0,Spring21,8.28
SOLID WASTE MANAGEMENT,CE41601,Mechanical Engineering,0,1,6,1,0,2,0,0,10,60,10,0,20,0,Autumn20,7.4
SPACE DYNAMICS,AE40005,Mechanical Engineering,3,0,1,1,2,0,1,37.5,0,12.5,12.5,25,0,12.5,Autumn20,7.63
SPEAKING AND PRESENTATION,HS30045,Mechanical Engineering,10,16,13,0,0,0,0,25.64,41.03,33.33,0,0,0,0,Spring19,8.92
SPECIFICATION,AR32003,Mechanical Engineering,2,13,6,9,5,2,0,5.41,35.14,16.22,24.32,13.51,5.41,0,Autumn19,7.78
STATISTICAL INFERENCE,MA41108,Mechanical Engineering,1,10,5,0,0,0,0,6.25,62.5,31.25,0,0,0,0,Spring21,8.75
STATISTICAL METHODS IN HYDROLOGY,CE31104,Mechanical Engineering,1,3,5,2,0,0,0,9.09,27.27,45.45,18.18,0,0,0,Spring20,8.27
STATISTICAL PHYSICS I,PH41023,Physics and Engineering,3,1,11,7,4,4,0,10,3.33,36.67,23.33,13.33,13.33,0,Autumn20,7.33
STATISTICS FOR ECONOMICS,HS20003,Finance,5,10,11,10,7,4,0,10.64,21.28,23.4,21.28,14.89,8.51,0,Autumn18,7.66
STOCHASTIC PROCESSES,MA41017,Mechanical Engineering,0,1,0,0,0,0,0,0,100,0,0,0,0,0,Autumn19,9
STOCHASTIC PROCESSES IN FINANCE,MA41031,Mechanical Engineering,2,4,10,4,5,4,1,6.67,13.33,33.33,13.33,16.67,13.33,3.33,Autumn19,7.27
STRATEGIES & METHODS IN ORGANIC SYNTHESIS,CY31010,Mechanical Engineering,0,4,7,7,1,0,0,0,21.05,36.84,36.84,5.26,0,0,Spring20,7.74
STRATIGRAPHY,GG30002,Mechanical Engineering,0,0,0,0,2,0,0,0,0,0,0,100,0,0,Spring19,6
STRUCTURAL ANALYSIS,CE21004,Mechanical Engineering,10,27,19,22,11,17,0,9.43,25.47,17.92,20.75,10.38,16.04,0,Spring19,7.55
STRUCTURAL DESIGN & COMPUTATION LAB,NA39009,Physics and Engineering,9,14,13,4,3,0,0,20.93,32.56,30.23,9.3,6.98,0,0,Autumn19,8.51
STRUCTURAL DETAILING,CE39006,Mechanical Engineering,38,54,4,1,0,5,2,36.54,51.92,3.85,0.96,0,4.81,1.92,Spring20,9.02
STRUCTURAL DYNAMICS & EARTHQUAKE ENGG.,CE41003,Mechanical Engineering,6,22,1,4,0,0,1,17.65,64.71,2.94,11.76,0,0,2.94,Autumn20,8.76
STRUCTURAL GEOLOGY,GG20107,Mechanical Engineering,0,5,17,19,8,6,0,0,9.09,30.91,34.55,14.55,10.91,0,Spring19,7.13
STRUCTURAL GEOLOGY LAB,GG29007,Physics and Engineering,9,8,18,11,7,2,0,16.36,14.55,32.73,20,12.73,3.64,0,Spring19,7.91
STRUCTURAL HEALTH MONITORING,CE41028,Mechanical Engineering,0,0,1,0,0,0,0,0,0,100,0,0,0,0,Autumn20,8
STRUCTURES & FUNCTION OF BIOMOLECULES,CY41018,Mechanical Engineering,0,3,6,6,3,0,0,0,16.67,33.33,33.33,16.67,0,0,Spring21,7.5
STRUCTURES LAB  I,AE29004,Physics and Engineering,8,12,14,5,2,1,0,19.05,28.57,33.33,11.9,4.76,2.38,0,Spring19,8.38
STRUCTURES LAB  II,AE39003,Physics and Engineering,6,8,15,9,2,1,1,14.29,19.05,35.71,21.43,4.76,2.38,2.38,Autumn19,8
SUMMER TRAINING,AE48003,Mechanical Engineering,4,5,2,0,0,0,1,33.33,41.67,16.67,0,0,0,8.33,Autumn20,8.75
SURFACE ENGINEERING,MT41112,Environmental Engineering,3,1,0,0,0,0,0,75,25,0,0,0,0,0,Spring21,9.75
SURFACE MINING,MI31008,Mechanical Engineering,9,22,19,7,3,0,0,15,36.67,31.67,11.67,5,0,0,Spring20,8.45
SURVEYING,CE20105,Mechanical Engineering,4,3,11,14,17,20,0,5.8,4.35,15.94,20.29,24.64,28.99,0,Autumn18,6.59
SURVEYING PEACTICE,CE29002,Mechanical Engineering,38,57,10,0,1,0,0,35.85,53.77,9.43,0,0.94,0,0,Spring19,9.24
SWITCHING & FINITE AUTOMATA,MA30006,Mechanical Engineering,4,4,6,14,20,12,0,6.67,6.67,10,23.33,33.33,20,0,Spring20,6.7
SWITCHING CIRCUITS AND LOGIC DESIGN,CS21002,Engineering Design Process,16,32,19,20,9,7,0,15.53,31.07,18.45,19.42,8.74,6.8,0,Spring19,8.05
SWITCHING CIRCUITS LABORATORY,CS29002,Engineering Design Process,53,33,11,5,0,1,0,51.46,32.04,10.68,4.85,0,0.97,0,Spring19,9.27
SYMBOLIC LOGIC,HS30068,Mechanical Engineering,4,10,13,5,3,0,0,11.43,28.57,37.14,14.29,8.57,0,0,Autumn18,8.2
SYSTEM LABORATORY,AE39002,Engineering Design Process,17,17,3,2,0,0,2,41.46,41.46,7.32,4.88,0,0,4.88,Spring20,9
SYSTEMS & CONTROL,ME40601,Mechanical Engineering,10,12,34,40,23,24,0,6.99,8.39,23.78,27.97,16.08,16.78,0,Autumn20,7.12
SYSTEMS ENGINEERING,CH42012,Environmental Engineering,5,4,2,0,0,0,0,45.45,36.36,18.18,0,0,0,0,Spring20,9.27
SYSTEMS PROGRAMMING,MA40003,Mechanical Engineering,7,15,11,9,8,5,0,12.73,27.27,20,16.36,14.55,9.09,0,Autumn20,7.8
SYSTEMS PROGRAMMING LAB.,MA49003,Physics and Engineering,4,13,8,8,16,0,0,8.16,26.53,16.33,16.33,32.65,0,0,Autumn20,7.61
TECTONICS & GEODYNAMICS,EX50002,Mechanical Engineering,0,1,7,8,8,3,0,0,3.7,25.93,29.63,29.63,11.11,0,Spring21,6.81
THEORY & DESIGN OF MACHINE ELEMENTS,AG31007,Engineering Design Process,2,14,13,16,8,1,0,3.7,25.93,24.07,29.63,14.81,1.85,0,Autumn19,7.69
THEORY OF COMPILER DESIGN,MA41101,Engineering Design Process,0,1,8,3,0,0,0,0,8.33,66.67,25,0,0,0,Autumn20,7.83
THEORY OF COMPUTATION,CS41001,Mechanical Engineering,32,58,8,2,1,0,0,31.68,57.43,7.92,1.98,0.99,0,0,Autumn20,9.17
THEORY OF ELASTIC STABILITY,CE42002,Mechanical Engineering,0,2,6,1,0,0,0,0,22.22,66.67,11.11,0,0,0,Spring21,8.11
THEORY OF ELASTICITY AND PLASTICITY,CE31210,Mechanical Engineering,0,0,0,0,2,3,0,0,0,0,0,40,60,0,Autumn19,5.4
THEORY OF JET PROPULSION,AE31008,Mechanical Engineering,5,5,9,9,8,6,0,11.9,11.9,21.43,21.43,19.05,14.29,0,Spring20,7.33
THEORY OF OPERATING SYSTEMS,MA41011,Mechanical Engineering,0,0,2,0,0,0,0,0,0,100,0,0,0,0,Spring19,8
THEORY OF OPERATING SYSTEMS LAB.,MA49011,Physics and Engineering,0,0,0,3,0,0,0,0,0,0,100,0,0,0,Spring20,7
THERMAL PHYSICS,PH21004,Physics and Engineering,4,2,5,9,5,7,0,12.5,6.25,15.63,28.13,15.63,21.88,0,Spring19,7.06
THERMO FLUID SCIENCE,ME21004,Mechanical Engineering,6,11,13,5,1,1,0,16.22,29.73,35.14,13.51,2.7,2.7,0,Spring19,8.35
THERMO FLUIDS LAB II,ME49601,Physics and Engineering,0,7,13,20,6,1,0,0,14.89,27.66,42.55,12.77,2.13,0,Autumn20,7.4
THERMO FLUIDS LAB.   I,ME39606,Physics and Engineering,4,22,57,12,15,0,0,3.64,20,51.82,10.91,13.64,0,0,Spring20,7.89
THERMODYNAMICS,ME22002,Mechanical Engineering,4,12,20,22,74,140,2,1.46,4.38,7.3,8.03,27.01,51.09,0.73,Spring19,5.89
THERMODYNAMICS & AEROSPACE PROP.SYSTEM,AE31001,Mechanical Engineering,0,0,0,1,0,0,0,0,0,0,100,0,0,0,Autumn18,7
THERMODYNAMICS OF GEOL. SYSTEMS,GG20002,Mechanical Engineering,0,1,3,2,12,8,0,0,3.85,11.54,7.69,46.15,30.77,0,Spring19,6.12
TRACTOR & POWER SYSTEMS,AG31002,Mechanical Engineering,7,15,24,6,1,3,0,12.5,26.79,42.86,10.71,1.79,5.36,0,Spring20,8.21
TRACTOR & POWER SYSTEMS LABORATORY,AG39002,Engineering Design Process,6,16,30,3,1,0,0,10.71,28.57,53.57,5.36,1.79,0,0,Spring20,8.41
TRANSFER AND MANAGEMENT OF RURAL TECHNOLOGY,RD30002,Mechanical Engineering,0,0,3,3,0,0,0,0,0,50,50,0,0,0,Autumn18,7.5
TRANSFORM CALCULUS,MA20101,Mechanical Engineering,122,109,104,89,89,97,2,19.93,17.81,16.99,14.54,14.54,15.85,0.33,Autumn18,7.65
TRANSPORT PHENOMENA,CH30012,Mechanical Engineering,12,19,14,24,10,1,0,15,23.75,17.5,30,12.5,1.25,0,Spring20,7.95
TRANSPORT PHENOMENA IN METALLURGICAL PROCESSES,MT21010,Mechanical Engineering,7,9,6,11,9,12,1,12.73,16.36,10.91,20,16.36,21.82,1.82,Spring19,7.16
TRANSPORTATION ENGG.,CE20103,Mechanical Engineering,6,9,13,18,12,10,0,8.82,13.24,19.12,26.47,17.65,14.71,0,Autumn18,7.25
TRANSPORTATION ENGG. LAB,CE29003,Physics and Engineering,11,35,21,0,0,0,0,16.42,52.24,31.34,0,0,0,0,Autumn18,8.85
TUBEWELLS AND PUMPS,AG40011,Mechanical Engineering,2,15,25,6,3,0,0,3.92,29.41,49.02,11.76,5.88,0,0,Autumn20,8.14
UNDERGROUND COAL MINING,MI31001,Mechanical Engineering,5,18,25,9,3,0,0,8.33,30,41.67,15,5,0,0,Autumn19,8.22
UNDERGROUND METAL MINING,MI31003,Mechanical Engineering,5,6,17,22,8,2,0,8.33,10,28.33,36.67,13.33,3.33,0,Autumn19,7.53
UNSTEADY AERODYNAMICS,AE51005,Mechanical Engineering,3,1,1,1,0,0,0,50,16.67,16.67,16.67,0,0,0,Autumn20,9
VENTILATION AND CLIMATE CONTROL,MI31005,Mechanical Engineering,2,5,13,17,12,10,0,3.39,8.47,22.03,28.81,20.34,16.95,0,Autumn19,6.95
VENTILATION LABORATORY,MI39011,Engineering Design Process,1,7,32,14,2,0,0,1.79,12.5,57.14,25,3.57,0,0,Autumn19,7.84
VIBRATION OF FLOATING STRUCTURES,NA31007,Mechanical Engineering,5,10,9,11,8,3,0,10.87,21.74,19.57,23.91,17.39,6.52,0,Autumn19,7.65
VISCOUS FLOW THEORY,AE31010,Mechanical Engineering,4,10,12,9,4,3,0,9.52,23.81,28.57,21.43,9.52,7.14,0,Spring20,7.81
VISUAL COMMUNICATION,HS30066,Mechanical Engineering,0,0,0,1,1,0,0,0,0,0,50,50,0,0,Autumn18,6.5
VIVA,CY38002,Mechanical Engineering,1,9,4,3,2,0,0,5.26,47.37,21.05,15.79,10.53,0,0,Spring20,8.21
VLSI ENGG.,EC31004,Mechanical Engineering,14,22,34,23,8,6,0,13.08,20.56,31.78,21.5,7.48,5.61,0,Spring20,7.93
VLSI LABORATORY,EC39004,Engineering Design Process,72,22,9,3,0,1,0,67.29,20.56,8.41,2.8,0,0.93,0,Spring20,9.5
W & W.W. ENGINEERING LABORATORY,CE39011,Environmental Engineering,2,14,37,3,6,1,1,3.13,21.88,57.81,4.69,9.38,1.56,1.56,Autumn19,7.94
WATER AND W.W. ENGINEERING,CE31005,Environmental Engineering,3,14,10,16,8,16,1,4.41,20.59,14.71,23.53,11.76,23.53,1.47,Autumn19,7.06
WATER RESOURCES ENGG.,CE20006,Mechanical Engineering,3,9,19,17,11,9,1,4.35,13.04,27.54,24.64,15.94,13.04,1.45,Autumn18,7.2
WATER RESOURCES ENGG. LABORATORY,CE29006,Engineering Design Process,10,35,20,2,1,1,0,14.49,50.72,28.99,2.9,1.45,1.45,0,Spring19,8.7
WATER SUPPLY AND SANITATION,AR22004,Mechanical Engineering,1,2,6,3,8,17,0,2.7,5.41,16.22,8.11,21.62,45.95,0,Spring19,6.22
WORK SYSTEM DESIGN,IM21008,Engineering Design Process,5,14,19,9,4,2,0,9.43,26.42,35.85,16.98,7.55,3.77,0,Spring19,8.02
WORK SYSTEM DESIGN LAB.,IM29008,Physics and Engineering,34,19,0,0,0,0,0,64.15,35.85,0,0,0,0,0,Spring19,9.64
WORKING DRAWING,AR33206,Mechanical Engineering,3,11,9,13,0,1,0,8.11,29.73,24.32,35.14,0,2.7,0,Spring20,8.03
WORKSHOP PROCESS II,ME29701,Mechanical Engineering,25,108,15,1,0,0,0,16.78,72.48,10.07,0.67,0,0,0,Autumn18,9.05
X RAY DIFFRACTION & TRANSMISSION ELECTRON MICROSCOPY,MT31022,Mechanical Engineering,14,11,10,8,5,7,0,25.45,20,18.18,14.55,9.09,12.73,0,Spring20,8
X RAY DIFFRACTION & TRANSMISSION ELECTRON MICROSCOPY LABORATORY,MT39022,Engineering Design Process,10,17,17,7,2,2,0,18.18,30.91,30.91,12.73,3.64,3.64,0,Spring20,8.36
,BM60023,,0,0,0,2,0,0,0,0,0,0,100,0,0,0,Autumn18,7
